group_id	prompt	win_utt	win_wav	lose_utt	lose_wav	input_num_candidates	num_candidates	dedupe_dropped_audio	final_pair_best_votes	final_pair_avg_margin	final_pair_avg_confidence
cer_000209	可以联系您的保险公司进行处理。	cer_000209_006	/home/work_nfs22/hkxie/data/kefu/midterm_data/cer_000209_006.wav	cer_000209_025	/home/work_nfs22/hkxie/data/kefu/midterm_data/cer_000209_025.wav	30	30	0	3	3.3333	5.0
cer_000208	语音王和融合套餐等。	cer_000208_014	/home/work_nfs22/hkxie/data/kefu/midterm_data/cer_000208_014.wav	cer_000208_025	/home/work_nfs22/hkxie/data/kefu/midterm_data/cer_000208_025.wav	30	30	0	3	3.6667	5.0
cer_000202	不过为了能更高效地为您服务。	cer_000202_027	/home/work_nfs22/hkxie/data/kefu/midterm_data/cer_000202_027.wav	cer_000202_024	/home/work_nfs22/hkxie/data/kefu/midterm_data/cer_000202_024.wav	30	30	0	2	1.0	4.0
cer_000206	请问您是需要预约宽带安装。	cer_000206_006	/home/work_nfs22/hkxie/data/kefu/midterm_data/cer_000206_006.wav	cer_000206_019	/home/work_nfs22/hkxie/data/kefu/midterm_data/cer_000206_019.wav	30	30	0	3	3.6667	5.0
cer_000205	王女士，您查询的套餐是九十九元档。	cer_000205_020	/home/work_nfs22/hkxie/data/kefu/midterm_data/cer_000205_020.wav	cer_000205_000	/home/work_nfs22/hkxie/data/kefu/midterm_data/cer_000205_000.wav	30	30	0	3	3.0	5.0
cer2_014_000002	我腿骨折了，正在挂点滴。警察来过了，责任认定书还没出，但我车上一个朋友伤得很重，送去抢救没挺过来……	cer2_014_000002_029	/home/work_nfs22/hkxie/data/kefu/midterm_data/cer2_014_000002_029.wav	cer2_014_000002_018	/home/work_nfs22/hkxie/data/kefu/midterm_data/cer2_014_000002_018.wav	60	30	30	3	3.3333	5.0
cer_000561	每月一百元。	cer_000561_001	/home/work_nfs22/hkxie/data/kefu/midterm_data/cer_000561_001.wav	cer_000561_018	/home/work_nfs22/hkxie/data/kefu/midterm_data/cer_000561_018.wav	30	30	0	3	2.6667	5.0
cer_000556	比如，五季的月包二十元。	cer_000556_024	/home/work_nfs22/hkxie/data/kefu/midterm_data/cer_000556_024.wav	cer_000556_019	/home/work_nfs22/hkxie/data/kefu/midterm_data/cer_000556_019.wav	30	30	0	3	4.0	5.0
cer2_014_000000	喂，你好，我出车祸了，撞得挺严重的，现在人在医院，想问下怎么报案？	cer2_014_000000_013	/home/work_nfs22/hkxie/data/kefu/midterm_data/cer2_014_000000_013.wav	cer2_014_000000_009	/home/work_nfs22/hkxie/data/kefu/midterm_data/cer2_014_000000_009.wav	60	30	30	3	3.6667	5.0
cer2_014_000005	好的，张先生，系统已查到您的保单。 您这辆车投保了交强险、商业三者险以及车上人员责任险。为了后续理赔，请问事故发生的具体时间和地点您还记得吗？	cer2_014_000005_014	/home/work_nfs22/hkxie/data/kefu/midterm_data/cer2_014_000005_014.wav	cer2_014_000005_012	/home/work_nfs22/hkxie/data/kefu/midterm_data/cer2_014_000005_012.wav	60	30	30	3	3.6667	5.0
cer_000555	为了更好地帮您查询。	cer_000555_019	/home/work_nfs22/hkxie/data/kefu/midterm_data/cer_000555_019.wav	cer_000555_028	/home/work_nfs22/hkxie/data/kefu/midterm_data/cer_000555_028.wav	30	30	0	3	1.6667	4.3333
cer2_014_000004	车牌是 沪A·88866，我叫张三。	cer2_014_000004_000	/home/work_nfs22/hkxie/data/kefu/midterm_data/cer2_014_000004_000.wav	cer2_014_000004_019	/home/work_nfs22/hkxie/data/kefu/midterm_data/cer2_014_000004_019.wav	60	30	30	2	4.0	5.0
cer_000910	请问您需要办理宽带安装服务吗？	cer_000910_021	/home/work_nfs22/hkxie/data/kefu/midterm_data/cer_000910_021.wav	cer_000910_002	/home/work_nfs22/hkxie/data/kefu/midterm_data/cer_000910_002.wav	30	30	0	3	4.0	5.0
cer2_013_000016	好的张先生，感谢您的认可。最后提醒您，请务必通过官方渠道操作，不要相信任何陌生链接。稍后如果您在申请过程中有任何疑问，可以随时拨打我的办公直拨电话。祝您生活愉快，再见。	cer2_013_000016_027	/home/work_nfs22/hkxie/data/kefu/midterm_data/cer2_013_000016_027.wav	cer2_013_000016_023	/home/work_nfs22/hkxie/data/kefu/midterm_data/cer2_013_000016_023.wav	60	30	30	3	4.0	5.0
cer_000558	为了查询您本月的话费。	cer_000558_029	/home/work_nfs22/hkxie/data/kefu/midterm_data/cer_000558_029.wav	cer_000558_011	/home/work_nfs22/hkxie/data/kefu/midterm_data/cer_000558_011.wav	30	30	0	2	1.0	4.0
cer_001259	请问您可以具体说明一下遇到的问题吗？	cer_001259_001	/home/work_nfs22/hkxie/data/kefu/midterm_data/cer_001259_001.wav	cer_001259_015	/home/work_nfs22/hkxie/data/kefu/midterm_data/cer_001259_015.wav	30	30	0	3	4.0	5.0
cer_000907	杨先生，您六月的话费消费金额为一百二十三元。	cer_000907_008	/home/work_nfs22/hkxie/data/kefu/midterm_data/cer_000907_008.wav	cer_000907_002	/home/work_nfs22/hkxie/data/kefu/midterm_data/cer_000907_002.wav	30	30	0	3	3.0	5.0
cer_000911	看看是否能接收到信号。	cer_000911_024	/home/work_nfs22/hkxie/data/kefu/midterm_data/cer_000911_024.wav	cer_000911_020	/home/work_nfs22/hkxie/data/kefu/midterm_data/cer_000911_020.wav	30	30	0	3	2.0	4.0
cer_001265	还是家里的wifi路由器上不了网呢？	cer_001265_018	/home/work_nfs22/hkxie/data/kefu/midterm_data/cer_001265_018.wav	cer_001265_029	/home/work_nfs22/hkxie/data/kefu/midterm_data/cer_001265_029.wav	30	30	0	3	4.0	5.0
cer_001261	宽带等业务呢？	cer_001261_029	/home/work_nfs22/hkxie/data/kefu/midterm_data/cer_001261_029.wav	cer_001261_018	/home/work_nfs22/hkxie/data/kefu/midterm_data/cer_001261_018.wav	30	30	0	3	2.3333	4.6667
cer_001262	好，你稍等一下。	cer_001262_025	/home/work_nfs22/hkxie/data/kefu/midterm_data/cer_001262_025.wav	cer_001262_006	/home/work_nfs22/hkxie/data/kefu/midterm_data/cer_001262_006.wav	30	30	0	3	3.0	5.0
cer2_004_000021	好的，再见。	cer2_004_000021_015	/home/work_nfs22/hkxie/data/kefu/midterm_data/cer2_004_000021_015.wav	cer2_004_000021_028	/home/work_nfs22/hkxie/data/kefu/midterm_data/cer2_004_000021_028.wav	60	30	30	2	1.3333	5.0
cer2_005_000005	我家里小孩已经有电话卡了，每个月扣三十多块钱，办这个有什么好处？	cer2_005_000005_013	/home/work_nfs22/hkxie/data/kefu/midterm_data/cer2_005_000005_013.wav	cer2_005_000005_022	/home/work_nfs22/hkxie/data/kefu/midterm_data/cer2_005_000005_022.wav	60	30	30	3	2.6667	5.0
cer_001263	请问您是想为您本人的号码办理降档。	cer_001263_024	/home/work_nfs22/hkxie/data/kefu/midterm_data/cer_001263_024.wav	cer_001263_015	/home/work_nfs22/hkxie/data/kefu/midterm_data/cer_001263_015.wav	30	30	0	3	3.6667	5.0
cer_000037	很抱歉，王女士。	cer_000037_012	/home/work_nfs22/hkxie/data/kefu/midterm_data/cer_000037_012.wav	cer_000037_022	/home/work_nfs22/hkxie/data/kefu/midterm_data/cer_000037_022.wav	30	30	0	3	4.0	5.0
cer2_005_000001	是的，是我，有什么事吗？	cer2_005_000001_012	/home/work_nfs22/hkxie/data/kefu/midterm_data/cer2_005_000001_012.wav	cer2_005_000001_018	/home/work_nfs22/hkxie/data/kefu/midterm_data/cer2_005_000001_018.wav	60	30	30	3	3.3333	5.0
cer_000036	请问您需要了解相关的流量套餐吗？	cer_000036_011	/home/work_nfs22/hkxie/data/kefu/midterm_data/cer_000036_011.wav	cer_000036_001	/home/work_nfs22/hkxie/data/kefu/midterm_data/cer_000036_001.wav	30	30	0	3	3.0	5.0
cer_000038	您可以登录中国电信的官方网站。	cer_000038_024	/home/work_nfs22/hkxie/data/kefu/midterm_data/cer_000038_024.wav	cer_000038_002	/home/work_nfs22/hkxie/data/kefu/midterm_data/cer_000038_002.wav	30	30	0	2	1.6667	5.0
cer2_005_000004	其实是帮您省钱的。您可以为您家里的老人或小孩申领一张移动副卡。这张卡不需要单独办理套餐，直接共享您主卡里的几百 GB 流量和通话分钟数。这样一来，家里人就不用再每月额外缴纳几十块的话费了。	cer2_005_000004_023	/home/work_nfs22/hkxie/data/kefu/midterm_data/cer2_005_000004_023.wav	cer2_005_000004_007	/home/work_nfs22/hkxie/data/kefu/midterm_data/cer2_005_000004_007.wav	60	30	30	2	1.3333	5.0
cer_000393	您需要我为您详细介绍吗？	cer_000393_023	/home/work_nfs22/hkxie/data/kefu/midterm_data/cer_000393_023.wav	cer_000393_005	/home/work_nfs22/hkxie/data/kefu/midterm_data/cer_000393_005.wav	30	30	0	3	2.6667	4.3333
cer2_005_000002	感谢您的接听。今天致电给您，主要是看到您目前使用的 158 元移动全家桶套餐，每月的通用流量和通话时长都有不少剩余，为了避免资源浪费，近期我们为您推出了一项“全家共享”的增值服务，想简单为您说明一下。	cer2_005_000002_017	/home/work_nfs22/hkxie/data/kefu/midterm_data/cer2_005_000002_017.wav	cer2_005_000002_019	/home/work_nfs22/hkxie/data/kefu/midterm_data/cer2_005_000002_019.wav	60	30	30	3	2.3333	4.3333
cer_000741	稍后会有专人联系您。	cer_000741_027	/home/work_nfs22/hkxie/data/kefu/midterm_data/cer_000741_027.wav	cer_000741_010	/home/work_nfs22/hkxie/data/kefu/midterm_data/cer_000741_010.wav	30	30	0	3	3.0	5.0
cer_000392	您二月总共用了六季的数据流量。	cer_000392_010	/home/work_nfs22/hkxie/data/kefu/midterm_data/cer_000392_010.wav	cer_000392_029	/home/work_nfs22/hkxie/data/kefu/midterm_data/cer_000392_029.wav	30	30	0	3	2.6667	4.6667
cer2_005_000003	全家共享？是什么意思，要额外加钱吗？	cer2_005_000003_004	/home/work_nfs22/hkxie/data/kefu/midterm_data/cer2_005_000003_004.wav	cer2_005_000003_007	/home/work_nfs22/hkxie/data/kefu/midterm_data/cer2_005_000003_007.wav	60	30	30	3	3.6667	5.0
cer_000039	抱歉，我无法查询银行卡余额。	cer_000039_008	/home/work_nfs22/hkxie/data/kefu/midterm_data/cer_000039_008.wav	cer_000039_028	/home/work_nfs22/hkxie/data/kefu/midterm_data/cer_000039_028.wav	30	30	0	3	4.0	5.0
cer_001443	需要我帮您查询吗？	cer_001443_026	/home/work_nfs22/hkxie/data/kefu/midterm_data/cer_001443_026.wav	cer_001443_014	/home/work_nfs22/hkxie/data/kefu/midterm_data/cer_001443_014.wav	30	30	0	3	3.6667	5.0
cer_000745	嗯，对，因为您往下改改成五十九了。您宽带您还要出三十，您不划算呀。您现在宽带，您只出二十吗？	cer_000745_011	/home/work_nfs22/hkxie/data/kefu/midterm_data/cer_000745_011.wav	cer_000745_006	/home/work_nfs22/hkxie/data/kefu/midterm_data/cer_000745_006.wav	30	30	0	2	2.0	5.0
cer_001097	杨先生，您四月的消费金额为一百一十五元。	cer_001097_026	/home/work_nfs22/hkxie/data/kefu/midterm_data/cer_001097_026.wav	cer_001097_011	/home/work_nfs22/hkxie/data/kefu/midterm_data/cer_001097_011.wav	30	30	0	3	3.3333	5.0
cer_000742	手机就无法通过运营商网络连接互联网。	cer_000742_007	/home/work_nfs22/hkxie/data/kefu/midterm_data/cer_000742_007.wav	cer_000742_018	/home/work_nfs22/hkxie/data/kefu/midterm_data/cer_000742_018.wav	30	30	0	3	2.3333	4.3333
cer_001091	其次，关于车险报案。	cer_001091_023	/home/work_nfs22/hkxie/data/kefu/midterm_data/cer_001091_023.wav	cer_001091_028	/home/work_nfs22/hkxie/data/kefu/midterm_data/cer_001091_028.wav	30	30	0	3	3.0	5.0
cer_000391	这个号码的归属地也是深圳。	cer_000391_026	/home/work_nfs22/hkxie/data/kefu/midterm_data/cer_000391_026.wav	cer_000391_025	/home/work_nfs22/hkxie/data/kefu/midterm_data/cer_000391_025.wav	30	30	0	3	4.0	5.0
cer_001449	请问您计划前往哪个大洲？	cer_001449_021	/home/work_nfs22/hkxie/data/kefu/midterm_data/cer_001449_021.wav	cer_001449_019	/home/work_nfs22/hkxie/data/kefu/midterm_data/cer_001449_019.wav	30	30	0	3	3.6667	5.0
cer_001448	那我为您登记一下。	cer_001448_027	/home/work_nfs22/hkxie/data/kefu/midterm_data/cer_001448_027.wav	cer_001448_009	/home/work_nfs22/hkxie/data/kefu/midterm_data/cer_001448_009.wav	30	30	0	2	1.0	4.3333
cer_000034	稍等，我查询一下您的号码实名状态。	cer_000034_008	/home/work_nfs22/hkxie/data/kefu/midterm_data/cer_000034_008.wav	cer_000034_023	/home/work_nfs22/hkxie/data/kefu/midterm_data/cer_000034_023.wav	30	30	0	3	4.0	5.0
cer_000743	好的，为您确认上门时间是明天上午九点。	cer_000743_025	/home/work_nfs22/hkxie/data/kefu/midterm_data/cer_000743_025.wav	cer_000743_027	/home/work_nfs22/hkxie/data/kefu/midterm_data/cer_000743_027.wav	30	30	0	3	1.6667	4.3333
cer_001094	选择日包。	cer_001094_001	/home/work_nfs22/hkxie/data/kefu/midterm_data/cer_001094_001.wav	cer_001094_028	/home/work_nfs22/hkxie/data/kefu/midterm_data/cer_001094_028.wav	30	30	0	3	4.6667	5.0
cer_000740	为您查询到。	cer_000740_003	/home/work_nfs22/hkxie/data/kefu/midterm_data/cer_000740_003.wav	cer_000740_029	/home/work_nfs22/hkxie/data/kefu/midterm_data/cer_000740_029.wav	30	30	0	2	1.3333	5.0
cer2_014_000014	行，那先这样，谢谢你啊。	cer2_014_000014_013	/home/work_nfs22/hkxie/data/kefu/midterm_data/cer2_014_000014_013.wav	cer2_014_000014_014	/home/work_nfs22/hkxie/data/kefu/midterm_data/cer2_014_000014_014.wav	60	30	30	3	3.6667	5.0
cer_001095	我现在为您办理十元的二十季、十二小时流量包。	cer_001095_021	/home/work_nfs22/hkxie/data/kefu/midterm_data/cer_001095_021.wav	cer_001095_026	/home/work_nfs22/hkxie/data/kefu/midterm_data/cer_001095_026.wav	30	30	0	3	4.0	5.0
cer2_014_000013	没关系，稍后我会给您发送一条短信。 里面包含理赔专员的联系方式和操作指引链接，稍后专员也会主动给您打电话，手把手教您通过手机上传资料。	cer2_014_000013_028	/home/work_nfs22/hkxie/data/kefu/midterm_data/cer2_014_000013_028.wav	cer2_014_000013_019	/home/work_nfs22/hkxie/data/kefu/midterm_data/cer2_014_000013_019.wav	60	30	30	3	3.0	4.3333
cer_001447	建议您通过官方渠道进行。	cer_001447_027	/home/work_nfs22/hkxie/data/kefu/midterm_data/cer_001447_027.wav	cer_001447_010	/home/work_nfs22/hkxie/data/kefu/midterm_data/cer_001447_010.wav	30	30	0	3	4.0	5.0
cer_000569	流量，还是办理套餐。	cer_000569_027	/home/work_nfs22/hkxie/data/kefu/midterm_data/cer_000569_027.wav	cer_000569_026	/home/work_nfs22/hkxie/data/kefu/midterm_data/cer_000569_026.wav	30	30	0	3	2.6667	4.3333
cer_000915	好的，请问您的手机有信号条吗？	cer_000915_017	/home/work_nfs22/hkxie/data/kefu/midterm_data/cer_000915_017.wav	cer_000915_026	/home/work_nfs22/hkxie/data/kefu/midterm_data/cer_000915_026.wav	30	30	0	3	3.3333	5.0
cer2_014_000010	那理赔款大概什么时候能下来？我这住院费挺贵的。	cer2_014_000010_019	/home/work_nfs22/hkxie/data/kefu/midterm_data/cer2_014_000010_019.wav	cer2_014_000010_014	/home/work_nfs22/hkxie/data/kefu/midterm_data/cer2_014_000010_014.wav	60	30	30	2	1.3333	4.0
cer_001092	杨先生，您七月的消费金额为一百二十七元。	cer_001092_014	/home/work_nfs22/hkxie/data/kefu/midterm_data/cer_001092_014.wav	cer_001092_000	/home/work_nfs22/hkxie/data/kefu/midterm_data/cer_001092_000.wav	30	30	0	3	3.0	5.0
cer_000563	请问还有什么可以帮助您的吗？	cer_000563_024	/home/work_nfs22/hkxie/data/kefu/midterm_data/cer_000563_024.wav	cer_000563_006	/home/work_nfs22/hkxie/data/kefu/midterm_data/cer_000563_006.wav	30	30	0	3	1.6667	4.0
cer2_014_000012	那太好了，APP上怎么操作？我不太会弄。	cer2_014_000012_011	/home/work_nfs22/hkxie/data/kefu/midterm_data/cer2_014_000012_011.wav	cer2_014_000012_019	/home/work_nfs22/hkxie/data/kefu/midterm_data/cer2_014_000012_019.wav	60	30	30	3	2.6667	5.0
cer_001444	请问您考虑降档的原因是什么呢？	cer_001444_014	/home/work_nfs22/hkxie/data/kefu/midterm_data/cer_001444_014.wav	cer_001444_027	/home/work_nfs22/hkxie/data/kefu/midterm_data/cer_001444_027.wav	30	30	0	3	3.6667	5.0
cer2_014_000011	我非常理解您的经济压力。 对于这类重大事故，我们可以申请“预付赔款”，您可以先将已有的医疗单据通过我们APP上传，审核通过后我们会先行垫付一部分医药费。	cer2_014_000011_029	/home/work_nfs22/hkxie/data/kefu/midterm_data/cer2_014_000011_029.wav	cer2_014_000011_016	/home/work_nfs22/hkxie/data/kefu/midterm_data/cer2_014_000011_016.wav	60	30	30	3	4.0	5.0
cer_000920	杨先生，我无法提供天气信息。	cer_000920_007	/home/work_nfs22/hkxie/data/kefu/midterm_data/cer_000920_007.wav	cer_000920_027	/home/work_nfs22/hkxie/data/kefu/midterm_data/cer_000920_027.wav	30	30	0	3	4.0	5.0
cer_000738	我暂时无法查询到您上个月的流量信息。	cer_000738_005	/home/work_nfs22/hkxie/data/kefu/midterm_data/cer_000738_005.wav	cer_000738_014	/home/work_nfs22/hkxie/data/kefu/midterm_data/cer_000738_014.wav	30	30	0	3	4.0	5.0
cer_000568	当前余额为一百元。	cer_000568_008	/home/work_nfs22/hkxie/data/kefu/midterm_data/cer_000568_008.wav	cer_000568_022	/home/work_nfs22/hkxie/data/kefu/midterm_data/cer_000568_022.wav	30	30	0	3	4.0	5.0
cer_001273	我尝试后台刷新网络状态看能否解决。	cer_001273_010	/home/work_nfs22/hkxie/data/kefu/midterm_data/cer_001273_010.wav	cer_001273_029	/home/work_nfs22/hkxie/data/kefu/midterm_data/cer_001273_029.wav	30	30	0	3	2.6667	4.6667
cer_000565	还是想查询一下当前的流量使用情况呢？	cer_000565_020	/home/work_nfs22/hkxie/data/kefu/midterm_data/cer_000565_020.wav	cer_000565_011	/home/work_nfs22/hkxie/data/kefu/midterm_data/cer_000565_011.wav	30	30	0	2	2.5	4.5
cer_000215	请您先尝试重启一下机顶盒。	cer_000215_008	/home/work_nfs22/hkxie/data/kefu/midterm_data/cer_000215_008.wav	cer_000215_027	/home/work_nfs22/hkxie/data/kefu/midterm_data/cer_000215_027.wav	30	30	0	3	3.3333	5.0
cer_001090	这个是预热的语句。生成预热的语句。我是来自华为媒体实验室的语音机器人UltraSpeech。	cer_001090_002	/home/work_nfs22/hkxie/data/kefu/midterm_data/cer_001090_002.wav	cer_001090_026	/home/work_nfs22/hkxie/data/kefu/midterm_data/cer_001090_026.wav	30	30	0	3	3.6667	5.0
cer_000921	不过您可以在到期前随时在手机营业厅里取消。	cer_000921_001	/home/work_nfs22/hkxie/data/kefu/midterm_data/cer_000921_001.wav	cer_000921_021	/home/work_nfs22/hkxie/data/kefu/midterm_data/cer_000921_021.wav	30	30	0	3	2.3333	4.3333
cer2_014_000009	暂时不需要您亲自去拍照。 鉴于事故涉及人员伤亡，我们会指派专门的理赔专员去交警队定损并去医院探视您，您只要安心养伤就好。	cer2_014_000009_012	/home/work_nfs22/hkxie/data/kefu/midterm_data/cer2_014_000009_012.wav	cer2_014_000009_018	/home/work_nfs22/hkxie/data/kefu/midterm_data/cer2_014_000009_018.wav	60	30	30	3	2.3333	4.0
cer_000919	赠送账户余额为零元。	cer_000919_023	/home/work_nfs22/hkxie/data/kefu/midterm_data/cer_000919_023.wav	cer_000919_009	/home/work_nfs22/hkxie/data/kefu/midterm_data/cer_000919_009.wav	30	30	0	3	4.0	5.0
cer_000566	我主要可以为您查询积分。	cer_000566_029	/home/work_nfs22/hkxie/data/kefu/midterm_data/cer_000566_029.wav	cer_000566_014	/home/work_nfs22/hkxie/data/kefu/midterm_data/cer_000566_014.wav	30	30	0	3	2.6667	4.6667
cer_001269	降档后将无法继续享受。	cer_001269_021	/home/work_nfs22/hkxie/data/kefu/midterm_data/cer_001269_021.wav	cer_001269_011	/home/work_nfs22/hkxie/data/kefu/midterm_data/cer_001269_011.wav	30	30	0	3	2.6667	5.0
cer_001271	好的。既然您的手机已经欠费关机。	cer_001271_018	/home/work_nfs22/hkxie/data/kefu/midterm_data/cer_001271_018.wav	cer_001271_005	/home/work_nfs22/hkxie/data/kefu/midterm_data/cer_001271_005.wav	30	30	0	3	3.0	5.0
cer2_005_000012	您考虑得很周全。在办理时，您可以联系我或者登录移动 APP，给副卡设置一个流量使用限额。比如每个月限额 10GB，超过后就会自动提醒或断网，这样既能保证孩子上网，也能防止流量超支。	cer2_005_000012_025	/home/work_nfs22/hkxie/data/kefu/midterm_data/cer2_005_000012_025.wav	cer2_005_000012_005	/home/work_nfs22/hkxie/data/kefu/midterm_data/cer2_005_000012_005.wav	60	30	30	3	3.3333	5.0
cer_001442	请问您的电话号码是幺三六三六三六七八九零吗？	cer_001442_022	/home/work_nfs22/hkxie/data/kefu/midterm_data/cer_001442_022.wav	cer_001442_021	/home/work_nfs22/hkxie/data/kefu/midterm_data/cer_001442_021.wav	30	30	0	3	4.0	5.0
cer_000048	选择一个既能表达诚意又不会造成经济压力的方案。	cer_000048_021	/home/work_nfs22/hkxie/data/kefu/midterm_data/cer_000048_021.wav	cer_000048_008	/home/work_nfs22/hkxie/data/kefu/midterm_data/cer_000048_008.wav	30	30	0	3	3.0	5.0
cer_000564	李先生，您二零二五年六月的消费金额为一百二十三元。	cer_000564_022	/home/work_nfs22/hkxie/data/kefu/midterm_data/cer_000564_022.wav	cer_000564_019	/home/work_nfs22/hkxie/data/kefu/midterm_data/cer_000564_019.wav	30	30	0	3	2.6667	4.3333
cer_000043	好的，请问您的车辆和人员有受伤情况吗？	cer_000043_001	/home/work_nfs22/hkxie/data/kefu/midterm_data/cer_000043_001.wav	cer_000043_006	/home/work_nfs22/hkxie/data/kefu/midterm_data/cer_000043_006.wav	30	30	0	3	3.0	5.0
cer_000918	您需要我为您查询具体的兑换内容吗？	cer_000918_009	/home/work_nfs22/hkxie/data/kefu/midterm_data/cer_000918_009.wav	cer_000918_025	/home/work_nfs22/hkxie/data/kefu/midterm_data/cer_000918_025.wav	30	30	0	3	4.0	5.0
cer_000916	还是想办理一张新的流量卡呢？	cer_000916_018	/home/work_nfs22/hkxie/data/kefu/midterm_data/cer_000916_018.wav	cer_000916_013	/home/work_nfs22/hkxie/data/kefu/midterm_data/cer_000916_013.wav	30	30	0	3	3.6667	4.6667
cer2_014_000007	收到，信息已录入。 关于您朋友身故的赔偿，我们需要您后续提供死亡证明和户籍注销证明；您本人的骨折住院，请保留好所有的门诊病历、住院发票和费用清单。	cer2_014_000007_029	/home/work_nfs22/hkxie/data/kefu/midterm_data/cer2_014_000007_029.wav	cer2_014_000007_024	/home/work_nfs22/hkxie/data/kefu/midterm_data/cer2_014_000007_024.wav	60	30	30	3	4.0	5.0
cer_001270	我们目前有多种短时流量包供您选择。	cer_001270_029	/home/work_nfs22/hkxie/data/kefu/midterm_data/cer_001270_029.wav	cer_001270_014	/home/work_nfs22/hkxie/data/kefu/midterm_data/cer_001270_014.wav	30	30	0	3	2.3333	5.0
cer2_005_000011	流量真的够分吗？我怕孩子刷视频把我的流量都扣光了。	cer2_005_000011_018	/home/work_nfs22/hkxie/data/kefu/midterm_data/cer2_005_000011_018.wav	cer2_005_000011_026	/home/work_nfs22/hkxie/data/kefu/midterm_data/cer2_005_000011_026.wav	60	30	30	3	3.6667	5.0
cer_000047	好的，请您提供详细的安装地址。	cer_000047_026	/home/work_nfs22/hkxie/data/kefu/midterm_data/cer_000047_026.wav	cer_000047_011	/home/work_nfs22/hkxie/data/kefu/midterm_data/cer_000047_011.wav	30	30	0	3	2.0	5.0
cer2_005_000007	听起来还行，但办新卡是不是很麻烦？还要去营业厅排队吧？	cer2_005_000007_018	/home/work_nfs22/hkxie/data/kefu/midterm_data/cer2_005_000007_018.wav	cer2_005_000007_015	/home/work_nfs22/hkxie/data/kefu/midterm_data/cer2_005_000007_015.wav	60	30	30	2	3.5	5.0
cer_000753	好的，刘先生。	cer_000753_004	/home/work_nfs22/hkxie/data/kefu/midterm_data/cer_000753_004.wav	cer_000753_029	/home/work_nfs22/hkxie/data/kefu/midterm_data/cer_000753_029.wav	30	30	0	2	2.3333	5.0
cer_000210	是的，月包在到期后会自动续订。	cer_000210_023	/home/work_nfs22/hkxie/data/kefu/midterm_data/cer_000210_023.wav	cer_000210_004	/home/work_nfs22/hkxie/data/kefu/midterm_data/cer_000210_004.wav	30	30	0	3	3.6667	5.0
cer_000752	或拨打当地的紧急服务电话。	cer_000752_025	/home/work_nfs22/hkxie/data/kefu/midterm_data/cer_000752_025.wav	cer_000752_002	/home/work_nfs22/hkxie/data/kefu/midterm_data/cer_000752_002.wav	30	30	0	3	3.0	4.6667
cer_000045	我理解您的顾虑。	cer_000045_021	/home/work_nfs22/hkxie/data/kefu/midterm_data/cer_000045_021.wav	cer_000045_025	/home/work_nfs22/hkxie/data/kefu/midterm_data/cer_000045_025.wav	30	30	0	3	2.3333	4.3333
cer_001268	请问您需要查询的是本月还是上个月的流量呢？	cer_001268_007	/home/work_nfs22/hkxie/data/kefu/midterm_data/cer_001268_007.wav	cer_001268_028	/home/work_nfs22/hkxie/data/kefu/midterm_data/cer_001268_028.wav	30	30	0	3	4.0	5.0
cer_000046	您可以根据您的需求选择合适的套餐。	cer_000046_024	/home/work_nfs22/hkxie/data/kefu/midterm_data/cer_000046_024.wav	cer_000046_007	/home/work_nfs22/hkxie/data/kefu/midterm_data/cer_000046_007.wav	30	30	0	2	1.6667	5.0
cer_000380	套餐外语音费八元。	cer_000380_005	/home/work_nfs22/hkxie/data/kefu/midterm_data/cer_000380_005.wav	cer_000380_010	/home/work_nfs22/hkxie/data/kefu/midterm_data/cer_000380_010.wav	30	30	0	3	3.6667	5.0
cer_001105	杨先生，您本月总共用了二十四季的数据流量。	cer_001105_001	/home/work_nfs22/hkxie/data/kefu/midterm_data/cer_001105_001.wav	cer_001105_014	/home/work_nfs22/hkxie/data/kefu/midterm_data/cer_001105_014.wav	30	30	0	3	4.0	5.0
cer2_005_000010	针对您提到的情况，如果您家人的号码本身就是咱们移动的，我们可以尝试办理“副卡绑定”；如果是新办卡，我们可以为您筛选一个和您主卡尾数接近的“家庭对号”，这样也比较好记。	cer2_005_000010_026	/home/work_nfs22/hkxie/data/kefu/midterm_data/cer2_005_000010_026.wav	cer2_005_000010_015	/home/work_nfs22/hkxie/data/kefu/midterm_data/cer2_005_000010_015.wav	60	30	30	3	3.0	4.6667
cer_001457	工单信息中的联系电话不会自动更新。	cer_001457_010	/home/work_nfs22/hkxie/data/kefu/midterm_data/cer_001457_010.wav	cer_001457_018	/home/work_nfs22/hkxie/data/kefu/midterm_data/cer_001457_018.wav	30	30	0	3	3.0	4.6667
cer_000914	很抱歉，我目前无法提供车险报案服务。	cer_000914_028	/home/work_nfs22/hkxie/data/kefu/midterm_data/cer_000914_028.wav	cer_000914_015	/home/work_nfs22/hkxie/data/kefu/midterm_data/cer_000914_015.wav	30	30	0	3	3.0	5.0
cer_001456	没关系，郑先生。	cer_001456_021	/home/work_nfs22/hkxie/data/kefu/midterm_data/cer_001456_021.wav	cer_001456_027	/home/work_nfs22/hkxie/data/kefu/midterm_data/cer_001456_027.wav	30	30	0	3	3.0	5.0
cer_000747	是的，您本月已经使用了二十四季流量。	cer_000747_013	/home/work_nfs22/hkxie/data/kefu/midterm_data/cer_000747_013.wav	cer_000747_025	/home/work_nfs22/hkxie/data/kefu/midterm_data/cer_000747_025.wav	30	30	0	3	4.0	5.0
cer_001101	购买方式已经通过短信发送到您的手机。	cer_001101_001	/home/work_nfs22/hkxie/data/kefu/midterm_data/cer_001101_001.wav	cer_001101_024	/home/work_nfs22/hkxie/data/kefu/midterm_data/cer_001101_024.wav	30	30	0	3	2.6667	4.3333
cer_001455	埃塞俄比亚是非洲东北部的一个国家。	cer_001455_025	/home/work_nfs22/hkxie/data/kefu/midterm_data/cer_001455_025.wav	cer_001455_014	/home/work_nfs22/hkxie/data/kefu/midterm_data/cer_001455_014.wav	30	30	0	3	2.6667	5.0
cer_000225	李先生，为您查询到。	cer_000225_015	/home/work_nfs22/hkxie/data/kefu/midterm_data/cer_000225_015.wav	cer_000225_002	/home/work_nfs22/hkxie/data/kefu/midterm_data/cer_000225_002.wav	30	30	0	3	3.0	5.0
cer_001266	抱歉，张先生。	cer_001266_021	/home/work_nfs22/hkxie/data/kefu/midterm_data/cer_001266_021.wav	cer_001266_006	/home/work_nfs22/hkxie/data/kefu/midterm_data/cer_001266_006.wav	30	30	0	3	2.3333	5.0
cer_000749	二十元二十季、四十八小时和三十元三十季、七十二小时的流量包。	cer_000749_011	/home/work_nfs22/hkxie/data/kefu/midterm_data/cer_000749_011.wav	cer_000749_009	/home/work_nfs22/hkxie/data/kefu/midterm_data/cer_000749_009.wav	30	30	0	3	2.6667	5.0
cer2_015_000005	您的诉求我已经记录下来了。为了保障您的权益，请问您在购买时是否留存了相关的聊天记录、宣传折页，或者是当时的通话录音等证据？这些对于我们认定销售误导非常重要。	cer2_015_000005_024	/home/work_nfs22/hkxie/data/kefu/midterm_data/cer2_015_000005_024.wav	cer2_015_000005_021	/home/work_nfs22/hkxie/data/kefu/midterm_data/cer2_015_000005_021.wav	60	30	30	3	3.0	4.6667
cer_001102	没有超出套餐范围。	cer_001102_029	/home/work_nfs22/hkxie/data/kefu/midterm_data/cer_001102_029.wav	cer_001102_024	/home/work_nfs22/hkxie/data/kefu/midterm_data/cer_001102_024.wav	30	30	0	3	3.6667	4.6667
cer_000576	五元三季、四小时。	cer_000576_003	/home/work_nfs22/hkxie/data/kefu/midterm_data/cer_000576_003.wav	cer_000576_004	/home/work_nfs22/hkxie/data/kefu/midterm_data/cer_000576_004.wav	30	30	0	3	3.3333	5.0
cer2_015_000002	当时他说这是一款理财产品，一年存五万，存够三年就能随时取，利息比银行高多了。结果我现在看合同，这明明是份终身寿险，要是现在取钱还要扣我好几万的手续费！	cer2_015_000002_006	/home/work_nfs22/hkxie/data/kefu/midterm_data/cer2_015_000002_006.wav	cer2_015_000002_028	/home/work_nfs22/hkxie/data/kefu/midterm_data/cer2_015_000002_028.wav	60	30	30	3	5.0	5.0
cer2_005_000008	这一点请您放心。现在正值我们的惠民服务月，如果您有需要，我可以为您申请“绿色办理通道”。新卡会通过快递直接寄到您家门口，您收到后扫码就能激活，完全不需要跑营业厅。	cer2_005_000008_024	/home/work_nfs22/hkxie/data/kefu/midterm_data/cer2_005_000008_024.wav	cer2_005_000008_017	/home/work_nfs22/hkxie/data/kefu/midterm_data/cer2_005_000008_017.wav	60	30	30	3	3.3333	5.0
cer_000750	明白了。请问您需要办理什么业务？	cer_000750_027	/home/work_nfs22/hkxie/data/kefu/midterm_data/cer_000750_027.wav	cer_000750_023	/home/work_nfs22/hkxie/data/kefu/midterm_data/cer_000750_023.wav	30	30	0	3	2.6667	4.6667
cer_000219	建议您先确认车辆的损坏情况。	cer_000219_026	/home/work_nfs22/hkxie/data/kefu/midterm_data/cer_000219_026.wav	cer_000219_012	/home/work_nfs22/hkxie/data/kefu/midterm_data/cer_000219_012.wav	30	30	0	3	3.6667	5.0
cer_000224	您四月的消费金额为一百一十五元。	cer_000224_028	/home/work_nfs22/hkxie/data/kefu/midterm_data/cer_000224_028.wav	cer_000224_000	/home/work_nfs22/hkxie/data/kefu/midterm_data/cer_000224_000.wav	30	30	0	3	4.0	5.0
cer2_015_000006	我哪有录音啊？我就是信任他才买的。但我不管，你们公司必须给我个交代，不然我就去监管部门告你们！	cer2_015_000006_020	/home/work_nfs22/hkxie/data/kefu/midterm_data/cer2_015_000006_020.wav	cer2_015_000006_025	/home/work_nfs22/hkxie/data/kefu/midterm_data/cer2_015_000006_025.wav	60	30	30	3	2.6667	4.6667
cer_001453	已经为您安排好今天晚上七点的安装服务。	cer_001453_024	/home/work_nfs22/hkxie/data/kefu/midterm_data/cer_001453_024.wav	cer_001453_002	/home/work_nfs22/hkxie/data/kefu/midterm_data/cer_001453_002.wav	30	30	0	3	3.6667	5.0
cer2_015_000004	对！就是这个意思！他说得天花乱坠的，根本没提“保险”两个字，也没说有风险。我现在就要退钱，一分钱手续费都不能扣！	cer2_015_000004_022	/home/work_nfs22/hkxie/data/kefu/midterm_data/cer2_015_000004_022.wav	cer2_015_000004_026	/home/work_nfs22/hkxie/data/kefu/midterm_data/cer2_015_000004_026.wav	60	30	30	2	3.5	5.0
cer_000378	好的，请问您需要查询哪个月份的流量信息？	cer_000378_012	/home/work_nfs22/hkxie/data/kefu/midterm_data/cer_000378_012.wav	cer_000378_000	/home/work_nfs22/hkxie/data/kefu/midterm_data/cer_000378_000.wav	30	30	0	3	3.6667	5.0
cer2_005_000006	这正是关键所在。如果您把小孩现在的卡转为这张副卡，每月只需 10 元的月租费，这 10 元钱还是从您主卡余额里扣除，相当于小孩以后不用再自己充话费了。而且，主副卡之间在国内拨打通话是完全免费的，方便您随时联系孩子。	cer2_005_000006_003	/home/work_nfs22/hkxie/data/kefu/midterm_data/cer2_005_000006_003.wav	cer2_005_000006_022	/home/work_nfs22/hkxie/data/kefu/midterm_data/cer2_005_000006_022.wav	60	30	30	3	3.6667	5.0
cer_000221	李先生，您七月总共用了二十一季的数据流量。	cer_000221_006	/home/work_nfs22/hkxie/data/kefu/midterm_data/cer_000221_006.wav	cer_000221_028	/home/work_nfs22/hkxie/data/kefu/midterm_data/cer_000221_028.wav	30	30	0	3	2.6667	5.0
cer_000573	我需要先了解您的情况。	cer_000573_014	/home/work_nfs22/hkxie/data/kefu/midterm_data/cer_000573_014.wav	cer_000573_029	/home/work_nfs22/hkxie/data/kefu/midterm_data/cer_000573_029.wav	30	30	0	2	1.0	4.3333
cer_000927	请问您的手机现在有信号吗？	cer_000927_020	/home/work_nfs22/hkxie/data/kefu/midterm_data/cer_000927_020.wav	cer_000927_001	/home/work_nfs22/hkxie/data/kefu/midterm_data/cer_000927_001.wav	30	30	0	3	3.3333	5.0
cer_001452	请问您是想了解某种设备。	cer_001452_024	/home/work_nfs22/hkxie/data/kefu/midterm_data/cer_001452_024.wav	cer_001452_011	/home/work_nfs22/hkxie/data/kefu/midterm_data/cer_001452_011.wav	30	30	0	3	4.0	5.0
cer_000923	我帮您查询一下号码归属地信息。	cer_000923_009	/home/work_nfs22/hkxie/data/kefu/midterm_data/cer_000923_009.wav	cer_000923_012	/home/work_nfs22/hkxie/data/kefu/midterm_data/cer_000923_012.wav	30	30	0	3	4.0	5.0
cer_001279	套餐外流量费十二元。	cer_001279_022	/home/work_nfs22/hkxie/data/kefu/midterm_data/cer_001279_022.wav	cer_001279_007	/home/work_nfs22/hkxie/data/kefu/midterm_data/cer_001279_007.wav	30	30	0	3	4.0	5.0
cer_001281	欧洲，美洲和全球通用等几种国际漫游套餐。	cer_001281_018	/home/work_nfs22/hkxie/data/kefu/midterm_data/cer_001281_018.wav	cer_001281_006	/home/work_nfs22/hkxie/data/kefu/midterm_data/cer_001281_006.wav	30	30	0	3	2.0	4.6667
cer2_015_000003	我明白您的意思了，您反映的是业务员在销售过程中存在夸大收益以及未如实告知退保损失的情况，对吗？这对您来说确实是非常关键的信息，我们需要立刻为您核实。	cer2_015_000003_023	/home/work_nfs22/hkxie/data/kefu/midterm_data/cer2_015_000003_023.wav	cer2_015_000003_012	/home/work_nfs22/hkxie/data/kefu/midterm_data/cer2_015_000003_012.wav	60	30	30	3	3.3333	5.0
cer_000394	您刚才提到车辆被导弹袭击。	cer_000394_028	/home/work_nfs22/hkxie/data/kefu/midterm_data/cer_000394_028.wav	cer_000394_008	/home/work_nfs22/hkxie/data/kefu/midterm_data/cer_000394_008.wav	30	30	0	3	2.6667	5.0
cer_001454	以及三十元三十季七十二小时有效的短时流量包。	cer_001454_013	/home/work_nfs22/hkxie/data/kefu/midterm_data/cer_001454_013.wav	cer_001454_015	/home/work_nfs22/hkxie/data/kefu/midterm_data/cer_001454_015.wav	30	30	0	2	1.0	4.6667
cer_001277	您可以先确认一下。	cer_001277_018	/home/work_nfs22/hkxie/data/kefu/midterm_data/cer_001277_018.wav	cer_001277_015	/home/work_nfs22/hkxie/data/kefu/midterm_data/cer_001277_015.wav	30	30	0	3	2.6667	5.0
cer_000055	好的，请问您是想办理套餐降档吗？	cer_000055_020	/home/work_nfs22/hkxie/data/kefu/midterm_data/cer_000055_020.wav	cer_000055_002	/home/work_nfs22/hkxie/data/kefu/midterm_data/cer_000055_002.wav	30	30	0	3	3.0	5.0
cer2_015_000001	您好，非常理解您现在焦急的心情。我是工号018的服务顾问，请您先别着急，我会全程负责处理您反映的问题。请问具体是哪方面的条款让您觉得和业务员介绍的不符呢？	cer2_015_000001_024	/home/work_nfs22/hkxie/data/kefu/midterm_data/cer2_015_000001_024.wav	cer2_015_000001_014	/home/work_nfs22/hkxie/data/kefu/midterm_data/cer2_015_000001_014.wav	60	30	30	3	3.3333	4.6667
cer_000574	还是想查询套餐里还包含多少流量呢？	cer_000574_027	/home/work_nfs22/hkxie/data/kefu/midterm_data/cer_000574_027.wav	cer_000574_005	/home/work_nfs22/hkxie/data/kefu/midterm_data/cer_000574_005.wav	30	30	0	3	4.0	5.0
cer_001275	好的。按月计费的国际漫游套餐。	cer_001275_020	/home/work_nfs22/hkxie/data/kefu/midterm_data/cer_001275_020.wav	cer_001275_017	/home/work_nfs22/hkxie/data/kefu/midterm_data/cer_001275_017.wav	30	30	0	3	2.6667	4.6667
cer2_006_000001	减免后每月套餐费用是 20.3 元，享受的是原价 29 元的套餐内容；如果您两年内每月消费能达到 30 元，就能一直享受这个优惠。活动到期后，您可以根据自己的意愿调整套餐，所以您可以放心使用，这是专门针对长期优质用户的回馈福利。	cer2_006_000001_024	/home/work_nfs22/hkxie/data/kefu/midterm_data/cer2_006_000001_024.wav	cer2_006_000001_021	/home/work_nfs22/hkxie/data/kefu/midterm_data/cer2_006_000001_021.wav	60	30	30	2	3.5	5.0
cer_000053	看看是否能正常使用。	cer_000053_016	/home/work_nfs22/hkxie/data/kefu/midterm_data/cer_000053_016.wav	cer_000053_021	/home/work_nfs22/hkxie/data/kefu/midterm_data/cer_000053_021.wav	30	30	0	3	2.3333	5.0
cer_001098	建议您联系您的保险公司客服。	cer_001098_026	/home/work_nfs22/hkxie/data/kefu/midterm_data/cer_001098_026.wav	cer_001098_011	/home/work_nfs22/hkxie/data/kefu/midterm_data/cer_001098_011.wav	30	30	0	3	2.6667	5.0
cer_000057	我们继续处理您的I P T V问题。	cer_000057_014	/home/work_nfs22/hkxie/data/kefu/midterm_data/cer_000057_014.wav	cer_000057_022	/home/work_nfs22/hkxie/data/kefu/midterm_data/cer_000057_022.wav	30	30	0	2	1.6667	4.6667
cer_000407	我的职责是为您处理电信业务问题。	cer_000407_024	/home/work_nfs22/hkxie/data/kefu/midterm_data/cer_000407_024.wav	cer_000407_015	/home/work_nfs22/hkxie/data/kefu/midterm_data/cer_000407_015.wav	30	30	0	3	2.6667	4.6667
cer_000056	其他费用六元。	cer_000056_028	/home/work_nfs22/hkxie/data/kefu/midterm_data/cer_000056_028.wav	cer_000056_020	/home/work_nfs22/hkxie/data/kefu/midterm_data/cer_000056_020.wav	30	30	0	3	2.3333	5.0
cer_000409	我已为您办理成功。	cer_000409_025	/home/work_nfs22/hkxie/data/kefu/midterm_data/cer_000409_025.wav	cer_000409_018	/home/work_nfs22/hkxie/data/kefu/midterm_data/cer_000409_018.wav	30	30	0	2	3.0	5.0
cer2_005_000015	听着不错，那你先给我发个短信介绍吧，我和家里人商量下。	cer2_005_000015_009	/home/work_nfs22/hkxie/data/kefu/midterm_data/cer2_005_000015_009.wav	cer2_005_000015_026	/home/work_nfs22/hkxie/data/kefu/midterm_data/cer2_005_000015_026.wav	60	30	30	2	3.0	5.0
cer_000662	我们针对非洲的漫游资费是八元人民币每GB。	cer_000662_022	/home/work_nfs22/hkxie/data/kefu/midterm_data/cer_000662_022.wav	cer_000662_013	/home/work_nfs22/hkxie/data/kefu/midterm_data/cer_000662_013.wav	30	30	0	3	4.0	5.0
cer_000505	如果您有这方面的疑问。	cer_000505_021	/home/work_nfs22/hkxie/data/kefu/midterm_data/cer_000505_021.wav	cer_000505_008	/home/work_nfs22/hkxie/data/kefu/midterm_data/cer_000505_008.wav	30	30	0	3	2.6667	4.6667
cer2_022_000005	这个您不用担心哈！如果是双方事故，我们会安排专业查勘员现场定责，或者依据交警事故认定书来划分责任比例。您这边无责的话，交强险先赔对方，商业险再按责任比例分摊；您有责的话，我们的三者险最高赔200万，足够覆盖大部分情况，全程我们帮您协调处理，不用您单独扯皮	cer2_022_000005_029	/home/work_nfs22/hkxie/data/kefu/midterm_data/cer2_022_000005_029.wav	cer2_022_000005_028	/home/work_nfs22/hkxie/data/kefu/midterm_data/cer2_022_000005_028.wav	60	30	30	3	4.0	5.0
cer_000139	现在流量已经打开了。	cer_000139_009	/home/work_nfs22/hkxie/data/kefu/midterm_data/cer_000139_009.wav	cer_000139_002	/home/work_nfs22/hkxie/data/kefu/midterm_data/cer_000139_002.wav	30	30	0	3	4.0	5.0
cer_000474	请问您是想办理一个短期的流量包。	cer_000474_024	/home/work_nfs22/hkxie/data/kefu/midterm_data/cer_000474_024.wav	cer_000474_007	/home/work_nfs22/hkxie/data/kefu/midterm_data/cer_000474_007.wav	30	30	0	3	2.0	4.0
cer2_021_000006	听起还可以，那我现在能买不？有啥子要注意的没得？	cer2_021_000006_019	/home/work_nfs22/hkxie/data/kefu/midterm_data/cer2_021_000006_019.wav	cer2_021_000006_000	/home/work_nfs22/hkxie/data/kefu/midterm_data/cer2_021_000006_000.wav	60	30	30	3	4.0	5.0
cer2_004_000014	王先生，其实每天平均下来不到五毛钱。用这不到五毛钱换来全家一整天的网络畅通，避免在关键时刻断网或卡顿，其实是非常划算的。您可以先试用三个月，如果觉得提升不明显，后续可以随时调整。	cer2_004_000014_001	/home/work_nfs22/hkxie/data/kefu/midterm_data/cer2_004_000014_001.wav	cer2_004_000014_017	/home/work_nfs22/hkxie/data/kefu/midterm_data/cer2_004_000014_017.wav	60	30	30	3	4.0	5.0
cer_000491	还是无法使用wifi呢？	cer_000491_022	/home/work_nfs22/hkxie/data/kefu/midterm_data/cer_000491_022.wav	cer_000491_012	/home/work_nfs22/hkxie/data/kefu/midterm_data/cer_000491_012.wav	30	30	0	2	1.3333	4.6667
cer2_001_000012	您不用客气。这样吧，这边帮您提交一个查询工单去后台核实，后续会有专员给您回电处理，请您留意接听一下电话。	cer2_001_000012_028	/home/work_nfs22/hkxie/data/kefu/midterm_data/cer2_001_000012_028.wav	cer2_001_000012_006	/home/work_nfs22/hkxie/data/kefu/midterm_data/cer2_001_000012_006.wav	60	30	30	3	3.0	4.6667
cer2_009_000007	好的。办理换号补领，您本人只需要携带二代居民身份证原件，前往咱们银行任意一个营业网点就可以办理了。	cer2_009_000007_018	/home/work_nfs22/hkxie/data/kefu/midterm_data/cer2_009_000007_018.wav	cer2_009_000007_011	/home/work_nfs22/hkxie/data/kefu/midterm_data/cer2_009_000007_011.wav	60	30	30	2	3.0	5.0
cer_000509	我是一个人工智能客服。	cer_000509_021	/home/work_nfs22/hkxie/data/kefu/midterm_data/cer_000509_021.wav	cer_000509_001	/home/work_nfs22/hkxie/data/kefu/midterm_data/cer_000509_001.wav	30	30	0	3	2.6667	4.6667
cer_000320	好的。那请问您是遇到了手机无法上网的问题吗？	cer_000320_024	/home/work_nfs22/hkxie/data/kefu/midterm_data/cer_000320_024.wav	cer_000320_000	/home/work_nfs22/hkxie/data/kefu/midterm_data/cer_000320_000.wav	30	30	0	3	3.6667	5.0
cer_001209	可以的。请问您是想查询当前的流量使用情况。	cer_001209_012	/home/work_nfs22/hkxie/data/kefu/midterm_data/cer_001209_012.wav	cer_001209_029	/home/work_nfs22/hkxie/data/kefu/midterm_data/cer_001209_029.wav	30	30	0	3	3.0	5.0
cer_000679	请问您主要用来上网做些什么呢？	cer_000679_010	/home/work_nfs22/hkxie/data/kefu/midterm_data/cer_000679_010.wav	cer_000679_022	/home/work_nfs22/hkxie/data/kefu/midterm_data/cer_000679_022.wav	30	30	0	3	4.0	5.0
cer_000672	请问您需要办理什么业务？	cer_000672_023	/home/work_nfs22/hkxie/data/kefu/midterm_data/cer_000672_023.wav	cer_000672_025	/home/work_nfs22/hkxie/data/kefu/midterm_data/cer_000672_025.wav	30	30	0	3	4.0	5.0
cer_000843	十元二十季、十二小时。	cer_000843_020	/home/work_nfs22/hkxie/data/kefu/midterm_data/cer_000843_020.wav	cer_000843_015	/home/work_nfs22/hkxie/data/kefu/midterm_data/cer_000843_015.wav	30	30	0	3	2.3333	5.0
cer_001178	还是需要我继续为您查询？	cer_001178_004	/home/work_nfs22/hkxie/data/kefu/midterm_data/cer_001178_004.wav	cer_001178_029	/home/work_nfs22/hkxie/data/kefu/midterm_data/cer_001178_029.wav	30	30	0	3	3.6667	5.0
cer_001024	还是想了解最新的优惠活动呢？	cer_001024_009	/home/work_nfs22/hkxie/data/kefu/midterm_data/cer_001024_009.wav	cer_001024_022	/home/work_nfs22/hkxie/data/kefu/midterm_data/cer_001024_022.wav	30	30	0	3	3.3333	5.0
cer_001020	您可以登录中国电信的官方A P P或网站查看详细的活动规则。	cer_001020_004	/home/work_nfs22/hkxie/data/kefu/midterm_data/cer_001020_004.wav	cer_001020_029	/home/work_nfs22/hkxie/data/kefu/midterm_data/cer_001020_029.wav	30	30	0	3	4.0	5.0
cer_000846	我们目前有两元一季、四小时。	cer_000846_026	/home/work_nfs22/hkxie/data/kefu/midterm_data/cer_000846_026.wav	cer_000846_005	/home/work_nfs22/hkxie/data/kefu/midterm_data/cer_000846_005.wav	30	30	0	3	2.6667	4.3333
cer_001383	这是为了保障您的信息安全。	cer_001383_027	/home/work_nfs22/hkxie/data/kefu/midterm_data/cer_001383_027.wav	cer_001383_021	/home/work_nfs22/hkxie/data/kefu/midterm_data/cer_001383_021.wav	30	30	0	3	4.0	5.0
cer_000681	我明白了。	cer_000681_001	/home/work_nfs22/hkxie/data/kefu/midterm_data/cer_000681_001.wav	cer_000681_003	/home/work_nfs22/hkxie/data/kefu/midterm_data/cer_000681_003.wav	30	30	0	3	4.0	5.0
cer2_019_000009	我得看看具体合同，这种加保的条款和以前一样吗？	cer2_019_000009_008	/home/work_nfs22/hkxie/data/kefu/midterm_data/cer2_019_000009_008.wav	cer2_019_000009_021	/home/work_nfs22/hkxie/data/kefu/midterm_data/cer2_019_000009_021.wav	60	30	30	3	2.0	4.3333
cer_000148	好的。请您再确认一下。	cer_000148_028	/home/work_nfs22/hkxie/data/kefu/midterm_data/cer_000148_028.wav	cer_000148_002	/home/work_nfs22/hkxie/data/kefu/midterm_data/cer_000148_002.wav	30	30	0	3	3.6667	5.0
cer2_000_000040	嗯，好，六月一号生效，到期呢，九月一号到期，到时候都是有短信提示您的，好吗？	cer2_000_000040_026	/home/work_nfs22/hkxie/data/kefu/midterm_data/cer2_000_000040_026.wav	cer2_000_000040_028	/home/work_nfs22/hkxie/data/kefu/midterm_data/cer2_000_000040_028.wav	60	30	30	3	2.3333	4.6667
cer2_010_000013	好的，辛苦您尝试一下。如果重新绑定后依然提示繁忙，您可以尝试分两笔小额进行支付，或者等待 15 分钟后再操作，避开当前的访问高峰。我会为您记录一个服务工单，如果一小时后还无法解决，您可以直接拨打回访电话找我。	cer2_010_000013_015	/home/work_nfs22/hkxie/data/kefu/midterm_data/cer2_010_000013_015.wav	cer2_010_000013_005	/home/work_nfs22/hkxie/data/kefu/midterm_data/cer2_010_000013_005.wav	60	30	30	2	1.0	4.0
cer2_011_000001	您好，请您先别着急，非常理解您看到账务变动时的疑虑。我立刻为您查询这笔资金的去向，请问您收到的扣款短信，尾号是您名下哪张卡的呢？	cer2_011_000001_028	/home/work_nfs22/hkxie/data/kefu/midterm_data/cer2_011_000001_028.wav	cer2_011_000001_000	/home/work_nfs22/hkxie/data/kefu/midterm_data/cer2_011_000001_000.wav	60	30	30	2	2.5	4.0
cer2_002_000008	咱们的话费套餐变更一般都是次月生效的。如果您今天确认办理，新套餐会在下个月1号零点正式生效，这个月您还是按照原套餐的资费来计费。	cer2_002_000008_020	/home/work_nfs22/hkxie/data/kefu/midterm_data/cer2_002_000008_020.wav	cer2_002_000008_025	/home/work_nfs22/hkxie/data/kefu/midterm_data/cer2_002_000008_025.wav	60	30	30	3	4.0	5.0
cer_000329	我们有每月二十元的套餐。	cer_000329_012	/home/work_nfs22/hkxie/data/kefu/midterm_data/cer_000329_012.wav	cer_000329_021	/home/work_nfs22/hkxie/data/kefu/midterm_data/cer_000329_021.wav	30	30	0	3	4.0	5.0
cer2_023_000001	嗯，您好，这里是宽带客服中心，很高兴为您服务。呃，您先别着急，您说书房的子光猫连不上网对吧？嗯，我先帮您核实一下账户信息。请问您的宽带账号，或者机主身份证后六位是多少呢？我这边帮您调取一下后台数据。	cer2_023_000001_000	/home/work_nfs22/hkxie/data/kefu/midterm_data/cer2_023_000001_000.wav	cer2_023_000001_019	/home/work_nfs22/hkxie/data/kefu/midterm_data/cer2_023_000001_019.wav	60	30	30	3	3.6667	5.0
cer2_001_000011	我从5月30号到现在一共充了130块钱。总不可能系统自己倒扣吧？我的电话是15712345837。麻烦你们了。	cer2_001_000011_026	/home/work_nfs22/hkxie/data/kefu/midterm_data/cer2_001_000011_026.wav	cer2_001_000011_012	/home/work_nfs22/hkxie/data/kefu/midterm_data/cer2_001_000011_012.wav	60	30	30	3	4.0	5.0
cer_000152	好的。为了给您查询服务覆盖情况。	cer_000152_025	/home/work_nfs22/hkxie/data/kefu/midterm_data/cer_000152_025.wav	cer_000152_011	/home/work_nfs22/hkxie/data/kefu/midterm_data/cer_000152_011.wav	30	30	0	3	3.0	5.0
cer_001033	李先生，您提到的brown是指周杰伦还是林俊杰呢？	cer_001033_020	/home/work_nfs22/hkxie/data/kefu/midterm_data/cer_001033_020.wav	cer_001033_003	/home/work_nfs22/hkxie/data/kefu/midterm_data/cer_001033_003.wav	30	30	0	3	3.0	5.0
cer_000504	请稍等，我帮您查询一下套餐使用情况。	cer_000504_015	/home/work_nfs22/hkxie/data/kefu/midterm_data/cer_000504_015.wav	cer_000504_006	/home/work_nfs22/hkxie/data/kefu/midterm_data/cer_000504_006.wav	30	30	0	3	3.6667	5.0
cer_001204	还是办理套餐降档呢？	cer_001204_013	/home/work_nfs22/hkxie/data/kefu/midterm_data/cer_001204_013.wav	cer_001204_023	/home/work_nfs22/hkxie/data/kefu/midterm_data/cer_001204_023.wav	30	30	0	3	3.0	5.0
cer_000315	月包默认是自动续订的。	cer_000315_012	/home/work_nfs22/hkxie/data/kefu/midterm_data/cer_000315_012.wav	cer_000315_018	/home/work_nfs22/hkxie/data/kefu/midterm_data/cer_000315_018.wav	30	30	0	3	4.0	5.0
cer_000159	好的。我们目前有十元十季二十四小时有效。	cer_000159_025	/home/work_nfs22/hkxie/data/kefu/midterm_data/cer_000159_025.wav	cer_000159_009	/home/work_nfs22/hkxie/data/kefu/midterm_data/cer_000159_009.wav	30	30	0	3	3.3333	4.6667
cer_001389	我现在是王五先生。	cer_001389_024	/home/work_nfs22/hkxie/data/kefu/midterm_data/cer_001389_024.wav	cer_001389_000	/home/work_nfs22/hkxie/data/kefu/midterm_data/cer_001389_000.wav	30	30	0	3	4.0	5.0
cer_000667	李先生，华为盘古大模型和通义千问大模型在客服场景中各有优势。	cer_000667_023	/home/work_nfs22/hkxie/data/kefu/midterm_data/cer_000667_023.wav	cer_000667_013	/home/work_nfs22/hkxie/data/kefu/midterm_data/cer_000667_013.wav	30	30	0	3	4.0	5.0
cer_000318	黄先生，您的当月实时话费为一百三十一元。	cer_000318_018	/home/work_nfs22/hkxie/data/kefu/midterm_data/cer_000318_018.wav	cer_000318_012	/home/work_nfs22/hkxie/data/kefu/midterm_data/cer_000318_012.wav	30	30	0	3	3.0	4.6667
cer_000863	王先生，我理解您的想法。	cer_000863_028	/home/work_nfs22/hkxie/data/kefu/midterm_data/cer_000863_028.wav	cer_000863_029	/home/work_nfs22/hkxie/data/kefu/midterm_data/cer_000863_029.wav	30	30	0	3	3.0	5.0
cer_000513	您本月的流量已经用完。	cer_000513_016	/home/work_nfs22/hkxie/data/kefu/midterm_data/cer_000513_016.wav	cer_000513_009	/home/work_nfs22/hkxie/data/kefu/midterm_data/cer_000513_009.wav	30	30	0	3	4.0	5.0
cer2_009_000015	是的，原卡里的资金、理财产品和积分都会实时转移到您的新卡账户中，不会受到任何影响。	cer2_009_000015_020	/home/work_nfs22/hkxie/data/kefu/midterm_data/cer2_009_000015_020.wav	cer2_009_000015_017	/home/work_nfs22/hkxie/data/kefu/midterm_data/cer2_009_000015_017.wav	60	30	30	3	3.6667	5.0
cer2_001_000020	好的，稍后如果您收到评价短信，麻烦您对我的服务做出评价，感谢您的来电，祝您生活愉快，再见！	cer2_001_000020_022	/home/work_nfs22/hkxie/data/kefu/midterm_data/cer2_001_000020_022.wav	cer2_001_000020_024	/home/work_nfs22/hkxie/data/kefu/midterm_data/cer2_001_000020_024.wav	60	30	30	3	2.0	4.6667
cer2_002_000003	对，就是现在打的这个号码，是我本人。	cer2_002_000003_001	/home/work_nfs22/hkxie/data/kefu/midterm_data/cer2_002_000003_001.wav	cer2_002_000003_006	/home/work_nfs22/hkxie/data/kefu/midterm_data/cer2_002_000003_006.wav	60	30	30	3	4.0	5.0
cer_001217	您可以使用我们的查询历史账单服务。	cer_001217_023	/home/work_nfs22/hkxie/data/kefu/midterm_data/cer_001217_023.wav	cer_001217_005	/home/work_nfs22/hkxie/data/kefu/midterm_data/cer_001217_005.wav	30	30	0	3	2.3333	4.3333
cer2_011_000014	好，我知道了。刚才态度不太好，主要是被吓到了。	cer2_011_000014_021	/home/work_nfs22/hkxie/data/kefu/midterm_data/cer2_011_000014_021.wav	cer2_011_000014_008	/home/work_nfs22/hkxie/data/kefu/midterm_data/cer2_011_000014_008.wav	60	30	30	3	3.6667	5.0
cer_001371	其次是月包。	cer_001371_027	/home/work_nfs22/hkxie/data/kefu/midterm_data/cer_001371_027.wav	cer_001371_015	/home/work_nfs22/hkxie/data/kefu/midterm_data/cer_001371_015.wav	30	30	0	3	1.6667	4.6667
cer2_022_000002	哦哦，那这个修车钱是你们直接垫，还是我先垫付哦？	cer2_022_000002_029	/home/work_nfs22/hkxie/data/kefu/midterm_data/cer2_022_000002_029.wav	cer2_022_000002_011	/home/work_nfs22/hkxie/data/kefu/midterm_data/cer2_022_000002_011.wav	60	30	30	3	3.6667	5.0
cer2_022_000006	听起靠谱！那今年出过险，明年保费会不会涨好多哦？	cer2_022_000006_015	/home/work_nfs22/hkxie/data/kefu/midterm_data/cer2_022_000006_015.wav	cer2_022_000006_024	/home/work_nfs22/hkxie/data/kefu/midterm_data/cer2_022_000006_024.wav	60	30	30	3	3.3333	4.6667
cer_000130	王女士，您看还有什么需要咨询的吗？	cer_000130_014	/home/work_nfs22/hkxie/data/kefu/midterm_data/cer_000130_014.wav	cer_000130_007	/home/work_nfs22/hkxie/data/kefu/midterm_data/cer_000130_007.wav	30	30	0	3	3.3333	4.6667
cer_000165	刘先生，我主要可以帮您查询话费余额。	cer_000165_018	/home/work_nfs22/hkxie/data/kefu/midterm_data/cer_000165_018.wav	cer_000165_017	/home/work_nfs22/hkxie/data/kefu/midterm_data/cer_000165_017.wav	30	30	0	3	3.0	5.0
cer2_010_000012	这么麻烦啊？那行吧，我先按你说的解绑试试。如果还是不行怎么办？	cer2_010_000012_011	/home/work_nfs22/hkxie/data/kefu/midterm_data/cer2_010_000012_011.wav	cer2_010_000012_020	/home/work_nfs22/hkxie/data/kefu/midterm_data/cer2_010_000012_020.wav	60	30	30	3	4.0	5.0
cer_000834	张先生，您当前可用积分为八百八十八分。	cer_000834_020	/home/work_nfs22/hkxie/data/kefu/midterm_data/cer_000834_020.wav	cer_000834_021	/home/work_nfs22/hkxie/data/kefu/midterm_data/cer_000834_021.wav	30	30	0	3	3.0	5.0
cer2_002_000012	好的，感谢您的支持。为了保障您的账户安全，我这边系统刚给您发送了一条验证码短信，麻烦您看下手机，把6位数字的验证码报给我一下好吗？	cer2_002_000012_018	/home/work_nfs22/hkxie/data/kefu/midterm_data/cer2_002_000012_018.wav	cer2_002_000012_016	/home/work_nfs22/hkxie/data/kefu/midterm_data/cer2_002_000012_016.wav	60	30	30	3	1.6667	4.0
cer_001028	建议您根据自身经济状况和当地习俗来决定。	cer_001028_015	/home/work_nfs22/hkxie/data/kefu/midterm_data/cer_001028_015.wav	cer_001028_019	/home/work_nfs22/hkxie/data/kefu/midterm_data/cer_001028_019.wav	30	30	0	3	2.6667	4.3333
cer_000676	请问您是想了解您当前套餐里还剩多少流量。	cer_000676_029	/home/work_nfs22/hkxie/data/kefu/midterm_data/cer_000676_029.wav	cer_000676_024	/home/work_nfs22/hkxie/data/kefu/midterm_data/cer_000676_024.wav	30	30	0	3	4.0	5.0
cer_000517	郑先生，为您查询到您当前使用的是五季通用套餐九十九元档。	cer_000517_022	/home/work_nfs22/hkxie/data/kefu/midterm_data/cer_000517_022.wav	cer_000517_013	/home/work_nfs22/hkxie/data/kefu/midterm_data/cer_000517_013.wav	30	30	0	3	3.0	5.0
cer2_010_000015	不客气，这是我应该做的。感谢您的理解与支持，祝您购物愉快，再见！	cer2_010_000015_028	/home/work_nfs22/hkxie/data/kefu/midterm_data/cer2_010_000015_028.wav	cer2_010_000015_008	/home/work_nfs22/hkxie/data/kefu/midterm_data/cer2_010_000015_008.wav	60	30	30	3	3.0	5.0
cer_000499	但您可以考虑办理一个优惠活动。	cer_000499_009	/home/work_nfs22/hkxie/data/kefu/midterm_data/cer_000499_009.wav	cer_000499_022	/home/work_nfs22/hkxie/data/kefu/midterm_data/cer_000499_022.wav	30	30	0	2	1.3333	4.6667
cer_000482	好的，为您确认上门安装时间是明天上午十点。	cer_000482_012	/home/work_nfs22/hkxie/data/kefu/midterm_data/cer_000482_012.wav	cer_000482_026	/home/work_nfs22/hkxie/data/kefu/midterm_data/cer_000482_026.wav	30	30	0	3	2.6667	4.6667
cer_000520	哪一个更打动您呢？	cer_000520_016	/home/work_nfs22/hkxie/data/kefu/midterm_data/cer_000520_016.wav	cer_000520_026	/home/work_nfs22/hkxie/data/kefu/midterm_data/cer_000520_026.wav	30	30	0	3	3.6667	5.0
cer_000343	好的，请问您的数据流量开关已经打开了吗？	cer_000343_022	/home/work_nfs22/hkxie/data/kefu/midterm_data/cer_000343_022.wav	cer_000343_007	/home/work_nfs22/hkxie/data/kefu/midterm_data/cer_000343_007.wav	30	30	0	3	4.0	5.0
cer_000868	李先生，您当前办理的是五季通用套餐九十九元档。	cer_000868_024	/home/work_nfs22/hkxie/data/kefu/midterm_data/cer_000868_024.wav	cer_000868_019	/home/work_nfs22/hkxie/data/kefu/midterm_data/cer_000868_019.wav	30	30	0	3	1.6667	4.3333
cer_000331	直接搜索中国电信营业厅或中国电信官方服务网点。	cer_000331_012	/home/work_nfs22/hkxie/data/kefu/midterm_data/cer_000331_012.wav	cer_000331_009	/home/work_nfs22/hkxie/data/kefu/midterm_data/cer_000331_009.wav	30	30	0	2	2.0	5.0
cer_000683	为了更好地帮助您。	cer_000683_012	/home/work_nfs22/hkxie/data/kefu/midterm_data/cer_000683_012.wav	cer_000683_029	/home/work_nfs22/hkxie/data/kefu/midterm_data/cer_000683_029.wav	30	30	0	3	3.0	5.0
cer_000872	请问您是遇到了车辆被骚扰的情况吗？	cer_000872_001	/home/work_nfs22/hkxie/data/kefu/midterm_data/cer_000872_001.wav	cer_000872_025	/home/work_nfs22/hkxie/data/kefu/midterm_data/cer_000872_025.wav	30	30	0	3	4.0	5.0
cer_001053	我无法直接联系保险公司。	cer_001053_019	/home/work_nfs22/hkxie/data/kefu/midterm_data/cer_001053_019.wav	cer_001053_008	/home/work_nfs22/hkxie/data/kefu/midterm_data/cer_001053_008.wav	30	30	0	3	2.0	4.0
cer_000666	稍等我帮您查询一下。	cer_000666_023	/home/work_nfs22/hkxie/data/kefu/midterm_data/cer_000666_023.wav	cer_000666_002	/home/work_nfs22/hkxie/data/kefu/midterm_data/cer_000666_002.wav	30	30	0	2	4.0	5.0
cer_000314	系统提示验证码仍然不正确。	cer_000314_024	/home/work_nfs22/hkxie/data/kefu/midterm_data/cer_000314_024.wav	cer_000314_017	/home/work_nfs22/hkxie/data/kefu/midterm_data/cer_000314_017.wav	30	30	0	2	1.6667	4.6667
cer_001220	很抱歉给您带来了不便。	cer_001220_001	/home/work_nfs22/hkxie/data/kefu/midterm_data/cer_001220_001.wav	cer_001220_026	/home/work_nfs22/hkxie/data/kefu/midterm_data/cer_001220_026.wav	30	30	0	2	4.0	5.0
cer_001387	套餐外语音费三元。	cer_001387_015	/home/work_nfs22/hkxie/data/kefu/midterm_data/cer_001387_015.wav	cer_001387_014	/home/work_nfs22/hkxie/data/kefu/midterm_data/cer_001387_014.wav	30	30	0	3	4.0	5.0
cer2_012_000008	这一点您可以完全放心。我们现在的积分商城已经全面升级了，支持1积分兑换视频会员，或者直接兑换加油卡、话费。现在的比例非常划算，几乎相当于消费即返现，比传统的礼品兑换要实用得多。	cer2_012_000008_029	/home/work_nfs22/hkxie/data/kefu/midterm_data/cer2_012_000008_029.wav	cer2_012_000008_023	/home/work_nfs22/hkxie/data/kefu/midterm_data/cer2_012_000008_023.wav	60	30	30	3	3.3333	5.0
cer_001370	请问您是想查询当前的流量使用情况。	cer_001370_014	/home/work_nfs22/hkxie/data/kefu/midterm_data/cer_001370_014.wav	cer_001370_021	/home/work_nfs22/hkxie/data/kefu/midterm_data/cer_001370_021.wav	30	30	0	3	3.3333	5.0
cer_001047	李先生，您提到的密码。	cer_001047_014	/home/work_nfs22/hkxie/data/kefu/midterm_data/cer_001047_014.wav	cer_001047_010	/home/work_nfs22/hkxie/data/kefu/midterm_data/cer_001047_010.wav	30	30	0	3	3.6667	5.0
cer_000529	我叫小贝。	cer_000529_004	/home/work_nfs22/hkxie/data/kefu/midterm_data/cer_000529_004.wav	cer_000529_021	/home/work_nfs22/hkxie/data/kefu/midterm_data/cer_000529_021.wav	30	30	0	3	3.0	5.0
cer_000334	好的。那请您先尝试重启一下机顶盒。	cer_000334_018	/home/work_nfs22/hkxie/data/kefu/midterm_data/cer_000334_018.wav	cer_000334_022	/home/work_nfs22/hkxie/data/kefu/midterm_data/cer_000334_022.wav	30	30	0	3	4.0	5.0
cer_000181	杨先生，您当前办理的是五季通用套餐九十九元档。	cer_000181_029	/home/work_nfs22/hkxie/data/kefu/midterm_data/cer_000181_029.wav	cer_000181_019	/home/work_nfs22/hkxie/data/kefu/midterm_data/cer_000181_019.wav	30	30	0	3	3.3333	5.0
cer2_012_000012	正常的信用卡申请属于“个人授信申请”类查询。只要您保持按时还款的良好习惯，拥有一张高额度的白金卡，反而有助于丰富您的个人资信档案，对您未来办理房贷、车贷都有正向的帮助。	cer2_012_000012_009	/home/work_nfs22/hkxie/data/kefu/midterm_data/cer2_012_000012_009.wav	cer2_012_000012_024	/home/work_nfs22/hkxie/data/kefu/midterm_data/cer2_012_000012_024.wav	60	30	30	3	3.3333	5.0
cer2_012_000006	具体的信用额度是根据您的综合资信情况来定的。由于您在我行的流水和信誉一直表现良好，预计起始额度在5万元起步，最高可以达到20万元。您可以把它作为一个备用金库，随借随还，非常灵活。	cer2_012_000006_016	/home/work_nfs22/hkxie/data/kefu/midterm_data/cer2_012_000006_016.wav	cer2_012_000006_014	/home/work_nfs22/hkxie/data/kefu/midterm_data/cer2_012_000006_014.wav	60	30	30	3	3.0	5.0
cer_000692	请问您能协助我吗？	cer_000692_004	/home/work_nfs22/hkxie/data/kefu/midterm_data/cer_000692_004.wav	cer_000692_025	/home/work_nfs22/hkxie/data/kefu/midterm_data/cer_000692_025.wav	30	30	0	3	4.0	5.0
cer_000001	您提到了两个问题。	cer_000001_020	/home/work_nfs22/hkxie/data/kefu/midterm_data/cer_000001_020.wav	cer_000001_024	/home/work_nfs22/hkxie/data/kefu/midterm_data/cer_000001_024.wav	30	30	0	3	4.0	5.0
cer_000867	这个开关控制手机是否使用移动数据上网。	cer_000867_024	/home/work_nfs22/hkxie/data/kefu/midterm_data/cer_000867_024.wav	cer_000867_004	/home/work_nfs22/hkxie/data/kefu/midterm_data/cer_000867_004.wav	30	30	0	3	4.0	5.0
cer_000498	请问您的新联系电话是幺三九八八八八六六六六吗？	cer_000498_009	/home/work_nfs22/hkxie/data/kefu/midterm_data/cer_000498_009.wav	cer_000498_029	/home/work_nfs22/hkxie/data/kefu/midterm_data/cer_000498_029.wav	30	30	0	3	2.6667	4.6667
cer2_003_000008	王先生，请您先消消气。我查了一下记录，这笔业务是在本月10号通过一个短信链接确认办理的。不过，有时候可能是我们在浏览网页或者点开一些推广短信时不小心误触了。	cer2_003_000008_029	/home/work_nfs22/hkxie/data/kefu/midterm_data/cer2_003_000008_029.wav	cer2_003_000008_014	/home/work_nfs22/hkxie/data/kefu/midterm_data/cer2_003_000008_014.wav	60	30	30	2	3.0	4.5
cer_000515	稍等，我帮您查一下积分信息。	cer_000515_015	/home/work_nfs22/hkxie/data/kefu/midterm_data/cer_000515_015.wav	cer_000515_018	/home/work_nfs22/hkxie/data/kefu/midterm_data/cer_000515_018.wav	30	30	0	3	3.6667	5.0
cer_001237	请问现在为您办理吗？	cer_001237_006	/home/work_nfs22/hkxie/data/kefu/midterm_data/cer_001237_006.wav	cer_001237_018	/home/work_nfs22/hkxie/data/kefu/midterm_data/cer_001237_018.wav	30	30	0	3	4.0	5.0
cer_000353	是的，已经为您重新创建好了。	cer_000353_022	/home/work_nfs22/hkxie/data/kefu/midterm_data/cer_000353_022.wav	cer_000353_024	/home/work_nfs22/hkxie/data/kefu/midterm_data/cer_000353_024.wav	30	30	0	3	4.0	5.0
cer_001390	月结日为十六日。	cer_001390_001	/home/work_nfs22/hkxie/data/kefu/midterm_data/cer_001390_001.wav	cer_001390_007	/home/work_nfs22/hkxie/data/kefu/midterm_data/cer_001390_007.wav	30	30	0	3	3.6667	5.0
cer_001231	吴先生，我们有每月三十元的套餐。	cer_001231_001	/home/work_nfs22/hkxie/data/kefu/midterm_data/cer_001231_001.wav	cer_001231_006	/home/work_nfs22/hkxie/data/kefu/midterm_data/cer_001231_006.wav	30	30	0	3	4.0	5.0
cer2_003_000012	王先生，关于这50元，我会立即为您向上级主管申请“争议费用返还”。考虑到您一直是我们移动的老客户，信用记录也非常好，我会尽力为您争取全额退回。	cer2_003_000012_027	/home/work_nfs22/hkxie/data/kefu/midterm_data/cer2_003_000012_027.wav	cer2_003_000012_014	/home/work_nfs22/hkxie/data/kefu/midterm_data/cer2_003_000012_014.wav	60	30	30	3	3.3333	5.0
cer_000705	请问您需要查询哪个号码的归属地呢？	cer_000705_006	/home/work_nfs22/hkxie/data/kefu/midterm_data/cer_000705_006.wav	cer_000705_028	/home/work_nfs22/hkxie/data/kefu/midterm_data/cer_000705_028.wav	30	30	0	3	4.0	5.0
cer_000005	请问您是需要查询积分总额吗？	cer_000005_018	/home/work_nfs22/hkxie/data/kefu/midterm_data/cer_000005_018.wav	cer_000005_013	/home/work_nfs22/hkxie/data/kefu/midterm_data/cer_000005_013.wav	30	30	0	3	4.0	5.0
cer2_012_000003	免年费？有什么套路吗？是不是得刷够多少次才免？	cer2_012_000003_004	/home/work_nfs22/hkxie/data/kefu/midterm_data/cer2_012_000003_004.wav	cer2_012_000003_009	/home/work_nfs22/hkxie/data/kefu/midterm_data/cer2_012_000003_009.wav	60	30	30	3	4.0	5.0
cer2_001_000018	查到了，您现在的通用流量还剩800兆，定向流量还剩900兆。	cer2_001_000018_001	/home/work_nfs22/hkxie/data/kefu/midterm_data/cer2_001_000018_001.wav	cer2_001_000018_006	/home/work_nfs22/hkxie/data/kefu/midterm_data/cer2_001_000018_006.wav	60	30	30	3	3.3333	5.0
cer2_003_000006	王先生，我已经查到您的账单了。本月确实有一笔50元的额外支出，显示是一项名为“权益超市铂金会员”的业务扣费。请问这项业务您近期有办理过，或者收到过相关短信提醒吗？	cer2_003_000006_004	/home/work_nfs22/hkxie/data/kefu/midterm_data/cer2_003_000006_004.wav	cer2_003_000006_024	/home/work_nfs22/hkxie/data/kefu/midterm_data/cer2_003_000006_024.wav	60	30	30	3	3.3333	5.0
cer_000524	请您提供一下您的车牌号。	cer_000524_010	/home/work_nfs22/hkxie/data/kefu/midterm_data/cer_000524_010.wav	cer_000524_009	/home/work_nfs22/hkxie/data/kefu/midterm_data/cer_000524_009.wav	30	30	0	2	2.6667	5.0
cer2_012_000007	积分呢？以前办的卡积分都没啥用，全是兑换那种没用的东西。	cer2_012_000007_001	/home/work_nfs22/hkxie/data/kefu/midterm_data/cer2_012_000007_001.wav	cer2_012_000007_006	/home/work_nfs22/hkxie/data/kefu/midterm_data/cer2_012_000007_006.wav	60	30	30	3	3.3333	4.6667
cer_000357	如果需要理赔。	cer_000357_023	/home/work_nfs22/hkxie/data/kefu/midterm_data/cer_000357_023.wav	cer_000357_008	/home/work_nfs22/hkxie/data/kefu/midterm_data/cer_000357_008.wav	30	30	0	3	3.3333	4.6667
cer2_011_000015	完全理解，换做是我也会第一时间核实的。如果您在操作关闭续费时遇到困难，随时拨打我们热线。请问还有其他账务问题需要我帮您核对吗？	cer2_011_000015_029	/home/work_nfs22/hkxie/data/kefu/midterm_data/cer2_011_000015_029.wav	cer2_011_000015_004	/home/work_nfs22/hkxie/data/kefu/midterm_data/cer2_011_000015_004.wav	60	30	30	2	2.0	4.0
cer_001409	请问您需要查询话费。	cer_001409_001	/home/work_nfs22/hkxie/data/kefu/midterm_data/cer_001409_001.wav	cer_001409_026	/home/work_nfs22/hkxie/data/kefu/midterm_data/cer_001409_026.wav	30	30	0	3	4.0	5.0
cer_000876	我来为您查询具体情况。	cer_000876_018	/home/work_nfs22/hkxie/data/kefu/midterm_data/cer_000876_018.wav	cer_000876_003	/home/work_nfs22/hkxie/data/kefu/midterm_data/cer_000876_003.wav	30	30	0	3	2.0	5.0
cer_000351	还是为其他号码办理呢？	cer_000351_017	/home/work_nfs22/hkxie/data/kefu/midterm_data/cer_000351_017.wav	cer_000351_025	/home/work_nfs22/hkxie/data/kefu/midterm_data/cer_000351_025.wav	30	30	0	3	2.0	4.0
cer_000518	没有欠费。	cer_000518_001	/home/work_nfs22/hkxie/data/kefu/midterm_data/cer_000518_001.wav	cer_000518_006	/home/work_nfs22/hkxie/data/kefu/midterm_data/cer_000518_006.wav	30	30	0	3	4.0	5.0
cer2_023_000007	呃，我非常理解您的心情，晚上要开会确实挺急的。不过，因为 FTTR 的隐形光纤非常细，里面的纤芯一旦受损，或者接头端面脏了，用户自己是没有专业工具去、去重新熔接或者清洁的。呃，您看这样行不行？我这边立刻给您加急派一个智家工程师的工单，让师傅带上熔接机尽快上门帮您重新处理一下光纤头，您看可以吗？	cer2_023_000007_025	/home/work_nfs22/hkxie/data/kefu/midterm_data/cer2_023_000007_025.wav	cer2_023_000007_028	/home/work_nfs22/hkxie/data/kefu/midterm_data/cer2_023_000007_028.wav	60	30	30	2	4.0	5.0
cer_001061	建议您先确认一下充值是否成功。	cer_001061_011	/home/work_nfs22/hkxie/data/kefu/midterm_data/cer_001061_011.wav	cer_001061_021	/home/work_nfs22/hkxie/data/kefu/midterm_data/cer_001061_021.wav	30	30	0	3	2.6667	5.0
cer_001228	张先生，您看还有什么需要咨询的吗？	cer_001228_007	/home/work_nfs22/hkxie/data/kefu/midterm_data/cer_001228_007.wav	cer_001228_027	/home/work_nfs22/hkxie/data/kefu/midterm_data/cer_001228_027.wav	30	30	0	3	3.3333	5.0
cer_001413	如果您有具体的目的地。	cer_001413_010	/home/work_nfs22/hkxie/data/kefu/midterm_data/cer_001413_010.wav	cer_001413_027	/home/work_nfs22/hkxie/data/kefu/midterm_data/cer_001413_027.wav	30	30	0	2	1.6667	5.0
cer_001026	请问您是想查询当前的话费余额。	cer_001026_001	/home/work_nfs22/hkxie/data/kefu/midterm_data/cer_001026_001.wav	cer_001026_023	/home/work_nfs22/hkxie/data/kefu/midterm_data/cer_001026_023.wav	30	30	0	3	4.0	5.0
cer2_012_000016	没问题。如果您在申请过程中遇到任何操作问题，可以随时拨打我的办公分机。感谢您的接听，祝您生活愉快，再见。	cer2_012_000016_004	/home/work_nfs22/hkxie/data/kefu/midterm_data/cer2_012_000016_004.wav	cer2_012_000016_021	/home/work_nfs22/hkxie/data/kefu/midterm_data/cer2_012_000016_021.wav	60	30	30	3	3.3333	5.0
cer_000537	登录后找到‘流量充值’。	cer_000537_006	/home/work_nfs22/hkxie/data/kefu/midterm_data/cer_000537_006.wav	cer_000537_002	/home/work_nfs22/hkxie/data/kefu/midterm_data/cer_000537_002.wav	30	30	0	3	2.6667	4.6667
cer_001232	您可以在二十四小时内使用。	cer_001232_000	/home/work_nfs22/hkxie/data/kefu/midterm_data/cer_001232_000.wav	cer_001232_001	/home/work_nfs22/hkxie/data/kefu/midterm_data/cer_001232_001.wav	30	30	0	3	3.3333	5.0
cer2_003_000003	对，就是这个号！你们查快点，我每个月套餐都是固定的，这50块哪来的？	cer2_003_000003_024	/home/work_nfs22/hkxie/data/kefu/midterm_data/cer2_003_000003_024.wav	cer2_003_000003_017	/home/work_nfs22/hkxie/data/kefu/midterm_data/cer2_003_000003_017.wav	60	30	30	3	4.0	5.0
cer_000691	陈女士，您的当前积分为八百八十八分。	cer_000691_015	/home/work_nfs22/hkxie/data/kefu/midterm_data/cer_000691_015.wav	cer_000691_028	/home/work_nfs22/hkxie/data/kefu/midterm_data/cer_000691_028.wav	30	30	0	3	3.0	5.0
cer2_003_000007	什么会员？我听都没听过！肯定是你们私自给我开的，我要投诉！	cer2_003_000007_019	/home/work_nfs22/hkxie/data/kefu/midterm_data/cer2_003_000007_019.wav	cer2_003_000007_013	/home/work_nfs22/hkxie/data/kefu/midterm_data/cer2_003_000007_013.wav	60	30	30	3	2.0	4.6667
cer_001043	请您输入六位服务密码。	cer_001043_001	/home/work_nfs22/hkxie/data/kefu/midterm_data/cer_001043_001.wav	cer_001043_026	/home/work_nfs22/hkxie/data/kefu/midterm_data/cer_001043_026.wav	30	30	0	3	3.6667	5.0
cer_000154	您可以前往银行柜台或使用手机银行查询。	cer_000154_010	/home/work_nfs22/hkxie/data/kefu/midterm_data/cer_000154_010.wav	cer_000154_021	/home/work_nfs22/hkxie/data/kefu/midterm_data/cer_000154_021.wav	30	30	0	3	4.0	5.0
cer_001222	好的。请问您是想为您本人办理。	cer_001222_007	/home/work_nfs22/hkxie/data/kefu/midterm_data/cer_001222_007.wav	cer_001222_018	/home/work_nfs22/hkxie/data/kefu/midterm_data/cer_001222_018.wav	30	30	0	3	2.3333	4.3333
cer_001241	关于您提到的两个问题。	cer_001241_020	/home/work_nfs22/hkxie/data/kefu/midterm_data/cer_001241_020.wav	cer_001241_018	/home/work_nfs22/hkxie/data/kefu/midterm_data/cer_001241_018.wav	30	30	0	3	3.3333	5.0
cer_000889	请问您是想办理本机号码的套餐降档吗？	cer_000889_019	/home/work_nfs22/hkxie/data/kefu/midterm_data/cer_000889_019.wav	cer_000889_029	/home/work_nfs22/hkxie/data/kefu/midterm_data/cer_000889_029.wav	30	30	0	3	4.0	5.0
cer_000348	请问您是想办理您本人的号码。	cer_000348_010	/home/work_nfs22/hkxie/data/kefu/midterm_data/cer_000348_010.wav	cer_000348_023	/home/work_nfs22/hkxie/data/kefu/midterm_data/cer_000348_023.wav	30	30	0	3	4.0	5.0
cer2_011_000003	收到。为了保护您的账户安全，我已为您开启了安全验证。系统显示这笔50元的支出确实发生在两分钟前。请问您的这张卡近期有没有绑定过视频会员或者外卖平台的“自动续费”功能？	cer2_011_000003_017	/home/work_nfs22/hkxie/data/kefu/midterm_data/cer2_011_000003_017.wav	cer2_011_000003_001	/home/work_nfs22/hkxie/data/kefu/midterm_data/cer2_011_000003_001.wav	60	30	30	3	4.0	5.0
cer_000506	请问您需要安装宽带的详细地址是哪里？	cer_000506_026	/home/work_nfs22/hkxie/data/kefu/midterm_data/cer_000506_026.wav	cer_000506_000	/home/work_nfs22/hkxie/data/kefu/midterm_data/cer_000506_000.wav	30	30	0	3	4.0	5.0
cer2_003_000016	王先生，建议您可以下载一个“中国移动”APP，在“已订业务”里可以随时查看。另外，我也为您免费开启一个“增值业务消费短信二次确认”功能，以后再有这类扣费业务，必须您回复确认才生效，这样就保险了。	cer2_003_000016_029	/home/work_nfs22/hkxie/data/kefu/midterm_data/cer2_003_000016_029.wav	cer2_003_000016_020	/home/work_nfs22/hkxie/data/kefu/midterm_data/cer2_003_000016_020.wav	60	30	30	3	2.6667	4.6667
cer_000171	杨先生，为您查询到。	cer_000171_028	/home/work_nfs22/hkxie/data/kefu/midterm_data/cer_000171_028.wav	cer_000171_023	/home/work_nfs22/hkxie/data/kefu/midterm_data/cer_000171_023.wav	30	30	0	3	3.3333	4.6667
cer_000858	王女士，您七月的套餐外流量费用是十四元。	cer_000858_005	/home/work_nfs22/hkxie/data/kefu/midterm_data/cer_000858_005.wav	cer_000858_028	/home/work_nfs22/hkxie/data/kefu/midterm_data/cer_000858_028.wav	30	30	0	3	3.3333	5.0
cer_000893	您是他的粉丝吗？	cer_000893_026	/home/work_nfs22/hkxie/data/kefu/midterm_data/cer_000893_026.wav	cer_000893_020	/home/work_nfs22/hkxie/data/kefu/midterm_data/cer_000893_020.wav	30	30	0	3	4.0	5.0
cer_001210	好的，请问您是想为您本人的号码办理降档。	cer_001210_001	/home/work_nfs22/hkxie/data/kefu/midterm_data/cer_001210_001.wav	cer_001210_021	/home/work_nfs22/hkxie/data/kefu/midterm_data/cer_001210_021.wav	30	30	0	2	3.0	4.5
cer2_024_000000	喂，我手机明明有5G信号，套餐也是5G的，但就是连不上5G网，一直掉4G，重启也没用，怎么回事啊？	cer2_024_000000_000	/home/work_nfs22/hkxie/data/kefu/midterm_data/cer2_024_000000_000.wav	cer2_024_000000_008	/home/work_nfs22/hkxie/data/kefu/midterm_data/cer2_024_000000_008.wav	60	30	30	3	4.0	5.0
cer_000180	杨先生。感谢您的来电。	cer_000180_023	/home/work_nfs22/hkxie/data/kefu/midterm_data/cer_000180_023.wav	cer_000180_016	/home/work_nfs22/hkxie/data/kefu/midterm_data/cer_000180_016.wav	30	30	0	3	3.0	5.0
cer_000713	这个套餐的流量和通话时长是目前最优惠的组合。	cer_000713_028	/home/work_nfs22/hkxie/data/kefu/midterm_data/cer_000713_028.wav	cer_000713_017	/home/work_nfs22/hkxie/data/kefu/midterm_data/cer_000713_017.wav	30	30	0	3	4.0	5.0
cer_001245	那我来指导您如何购买。	cer_001245_028	/home/work_nfs22/hkxie/data/kefu/midterm_data/cer_001245_028.wav	cer_001245_000	/home/work_nfs22/hkxie/data/kefu/midterm_data/cer_001245_000.wav	30	30	0	3	3.3333	5.0
cer2_025_000005	您先别着急，嗯……我再仔细给您查一下底层的附件列表。那个……您上传的时间大概是哪天？哦，看到了看到了，这里确实有您上传的几张图片。但是，嗯……系统这边提示，您上传的报告图片可能因为光线原因，那个……检测结果的结论部分有些反光，AI初审的时候没能识别出关键指标，就被系统自动驳回到待补充状态了。哎呀，实在不好意思，系统拦截后可能没及时给您发短信通知。	cer2_025_000005_001	/home/work_nfs22/hkxie/data/kefu/midterm_data/cer2_025_000005_001.wav	cer2_025_000005_013	/home/work_nfs22/hkxie/data/kefu/midterm_data/cer2_025_000005_013.wav	60	30	30	2	1.6667	5.0
cer_000694	建议您订购一个流量包来补充流量。	cer_000694_017	/home/work_nfs22/hkxie/data/kefu/midterm_data/cer_000694_017.wav	cer_000694_000	/home/work_nfs22/hkxie/data/kefu/midterm_data/cer_000694_000.wav	30	30	0	3	2.6667	4.3333
cer_000884	嗯，好的，辛苦您了。其他的疑问还有没有？	cer_000884_004	/home/work_nfs22/hkxie/data/kefu/midterm_data/cer_000884_004.wav	cer_000884_019	/home/work_nfs22/hkxie/data/kefu/midterm_data/cer_000884_019.wav	30	30	0	2	2.0	4.6667
cer_001065	请问您是想查询话费余额。	cer_001065_001	/home/work_nfs22/hkxie/data/kefu/midterm_data/cer_001065_001.wav	cer_001065_021	/home/work_nfs22/hkxie/data/kefu/midterm_data/cer_001065_021.wav	30	30	0	3	4.0	5.0
cer_001227	您可以尝试通过银行官方A P P或客服电话查询。	cer_001227_023	/home/work_nfs22/hkxie/data/kefu/midterm_data/cer_001227_023.wav	cer_001227_012	/home/work_nfs22/hkxie/data/kefu/midterm_data/cer_001227_012.wav	30	30	0	3	3.0	4.6667
cer_001236	我们有其他优惠方案。	cer_001236_024	/home/work_nfs22/hkxie/data/kefu/midterm_data/cer_001236_024.wav	cer_001236_014	/home/work_nfs22/hkxie/data/kefu/midterm_data/cer_001236_014.wav	30	30	0	3	4.0	5.0
cer_000888	请问您需要查询的是七月份的流量使用情况吗？	cer_000888_026	/home/work_nfs22/hkxie/data/kefu/midterm_data/cer_000888_026.wav	cer_000888_010	/home/work_nfs22/hkxie/data/kefu/midterm_data/cer_000888_010.wav	30	30	0	3	4.0	5.0
cer_001398	比如查询积分。	cer_001398_018	/home/work_nfs22/hkxie/data/kefu/midterm_data/cer_001398_018.wav	cer_001398_028	/home/work_nfs22/hkxie/data/kefu/midterm_data/cer_001398_028.wav	30	30	0	3	3.0	4.6667
cer_000330	虽然价格便宜了。	cer_000330_018	/home/work_nfs22/hkxie/data/kefu/midterm_data/cer_000330_018.wav	cer_000330_000	/home/work_nfs22/hkxie/data/kefu/midterm_data/cer_000330_000.wav	30	30	0	3	2.6667	4.3333
cer2_003_000002	先生您先别着急，我非常理解您看到账单异常时的心情。请放心，如果是系统多收了您的费用，我们肯定会负责到底的。为了方便查询，请问您的手机号码是现在拨打的这个吗？	cer2_003_000002_029	/home/work_nfs22/hkxie/data/kefu/midterm_data/cer2_003_000002_029.wav	cer2_003_000002_016	/home/work_nfs22/hkxie/data/kefu/midterm_data/cer2_003_000002_016.wav	60	30	30	3	4.0	5.0
cer2_003_000011	光关了就行了？那这扣掉的50块钱怎么办？	cer2_003_000011_024	/home/work_nfs22/hkxie/data/kefu/midterm_data/cer2_003_000011_024.wav	cer2_003_000011_002	/home/work_nfs22/hkxie/data/kefu/midterm_data/cer2_003_000011_002.wav	60	30	30	2	2.0	4.6667
cer2_003_000015	这还差不多。那以后怎么保证不再乱扣费？	cer2_003_000015_001	/home/work_nfs22/hkxie/data/kefu/midterm_data/cer2_003_000015_001.wav	cer2_003_000015_021	/home/work_nfs22/hkxie/data/kefu/midterm_data/cer2_003_000015_021.wav	60	30	30	2	2.0	5.0
cer_000193	好的，为您推荐第一个十元十季二十四小时有效的套餐。	cer_000193_025	/home/work_nfs22/hkxie/data/kefu/midterm_data/cer_000193_025.wav	cer_000193_002	/home/work_nfs22/hkxie/data/kefu/midterm_data/cer_000193_002.wav	30	30	0	2	2.5	4.5
cer_000365	李先生，很抱歉给您带来了不好的体验。	cer_000365_009	/home/work_nfs22/hkxie/data/kefu/midterm_data/cer_000365_009.wav	cer_000365_020	/home/work_nfs22/hkxie/data/kefu/midterm_data/cer_000365_020.wav	30	30	0	3	3.6667	5.0
cer_000708	您当前的套餐是定向单位协议优惠套餐。	cer_000708_001	/home/work_nfs22/hkxie/data/kefu/midterm_data/cer_000708_001.wav	cer_000708_026	/home/work_nfs22/hkxie/data/kefu/midterm_data/cer_000708_026.wav	30	30	0	3	3.3333	5.0
cer_001386	人员没有受伤。	cer_001386_001	/home/work_nfs22/hkxie/data/kefu/midterm_data/cer_001386_001.wav	cer_001386_002	/home/work_nfs22/hkxie/data/kefu/midterm_data/cer_001386_002.wav	30	30	0	3	4.0	5.0
cer_000356	杨先生，您当前使用的是五季通用套餐九十九元档。	cer_000356_012	/home/work_nfs22/hkxie/data/kefu/midterm_data/cer_000356_012.wav	cer_000356_024	/home/work_nfs22/hkxie/data/kefu/midterm_data/cer_000356_024.wav	30	30	0	3	2.3333	4.6667
cer_000699	杨先生，我无法进行唱歌等娱乐活动。	cer_000699_029	/home/work_nfs22/hkxie/data/kefu/midterm_data/cer_000699_029.wav	cer_000699_028	/home/work_nfs22/hkxie/data/kefu/midterm_data/cer_000699_028.wav	30	30	0	3	4.0	5.0
cer_000174	请问您需要查询套餐信息。	cer_000174_019	/home/work_nfs22/hkxie/data/kefu/midterm_data/cer_000174_019.wav	cer_000174_000	/home/work_nfs22/hkxie/data/kefu/midterm_data/cer_000174_000.wav	30	30	0	3	3.3333	5.0
cer_000162	请问您需要将联系电话修改为哪个号码呢？	cer_000162_025	/home/work_nfs22/hkxie/data/kefu/midterm_data/cer_000162_025.wav	cer_000162_028	/home/work_nfs22/hkxie/data/kefu/midterm_data/cer_000162_028.wav	30	30	0	3	4.0	5.0
cer_000526	但主要功能是帮助您解决通信相关的问题。	cer_000526_012	/home/work_nfs22/hkxie/data/kefu/midterm_data/cer_000526_012.wav	cer_000526_021	/home/work_nfs22/hkxie/data/kefu/midterm_data/cer_000526_021.wav	30	30	0	3	2.3333	5.0
cer_001249	请问您需要查询的是哪个月份呢？	cer_001249_027	/home/work_nfs22/hkxie/data/kefu/midterm_data/cer_001249_027.wav	cer_001249_023	/home/work_nfs22/hkxie/data/kefu/midterm_data/cer_001249_023.wav	30	30	0	3	4.0	5.0
cer_000878	好的，我。	cer_000878_000	/home/work_nfs22/hkxie/data/kefu/midterm_data/cer_000878_000.wav	cer_000878_027	/home/work_nfs22/hkxie/data/kefu/midterm_data/cer_000878_027.wav	30	30	0	2	2.6667	5.0
cer_001051	好的，您的地址可以安装宽带。	cer_001051_001	/home/work_nfs22/hkxie/data/kefu/midterm_data/cer_001051_001.wav	cer_001051_000	/home/work_nfs22/hkxie/data/kefu/midterm_data/cer_001051_000.wav	30	30	0	3	4.0	5.0
cer_000359	吴先生，很抱歉。	cer_000359_021	/home/work_nfs22/hkxie/data/kefu/midterm_data/cer_000359_021.wav	cer_000359_010	/home/work_nfs22/hkxie/data/kefu/midterm_data/cer_000359_010.wav	30	30	0	3	2.6667	5.0
cer_001416	嗯，活动期的话是三个月。	cer_001416_024	/home/work_nfs22/hkxie/data/kefu/midterm_data/cer_001416_024.wav	cer_001416_011	/home/work_nfs22/hkxie/data/kefu/midterm_data/cer_001416_011.wav	30	30	0	3	2.6667	4.3333
cer_001421	如果还是不行，您把那个号卡取出来，插上去。如果都不行，那就通过延听看一下号卡芯片有没有问题呢？	cer_001421_005	/home/work_nfs22/hkxie/data/kefu/midterm_data/cer_001421_005.wav	cer_001421_022	/home/work_nfs22/hkxie/data/kefu/midterm_data/cer_001421_022.wav	30	30	0	3	3.0	5.0
cer2_004_000003	提速？我现在300M用着也还行，为什么要升1000M？	cer2_004_000003_024	/home/work_nfs22/hkxie/data/kefu/midterm_data/cer2_004_000003_024.wav	cer2_004_000003_004	/home/work_nfs22/hkxie/data/kefu/midterm_data/cer2_004_000003_004.wav	60	30	30	2	4.0	5.0
cer_001218	比如查询话费。	cer_001218_009	/home/work_nfs22/hkxie/data/kefu/midterm_data/cer_001218_009.wav	cer_001218_024	/home/work_nfs22/hkxie/data/kefu/midterm_data/cer_001218_024.wav	30	30	0	2	1.3333	4.6667
cer_000866	您看需要我为您介绍一下吗？	cer_000866_029	/home/work_nfs22/hkxie/data/kefu/midterm_data/cer_000866_029.wav	cer_000866_012	/home/work_nfs22/hkxie/data/kefu/midterm_data/cer_000866_012.wav	30	30	0	2	4.0	5.0
cer_001230	李先生，您本月总共用了二十四季的数据流量。	cer_001230_004	/home/work_nfs22/hkxie/data/kefu/midterm_data/cer_001230_004.wav	cer_001230_000	/home/work_nfs22/hkxie/data/kefu/midterm_data/cer_001230_000.wav	30	30	0	3	3.3333	5.0
cer2_013_000006	请您放心，我们是正规银行直营，所有的收费项目都是公开透明的。除了合同约定的利息之外，没有任何管理费、手续费或者提前还款违约金。借款1万块钱，一天的利息还不到1块钱。	cer2_013_000006_021	/home/work_nfs22/hkxie/data/kefu/midterm_data/cer2_013_000006_021.wav	cer2_013_000006_009	/home/work_nfs22/hkxie/data/kefu/midterm_data/cer2_013_000006_009.wav	60	30	30	2	2.5	4.5
cer_000369	其他费用三元。	cer_000369_020	/home/work_nfs22/hkxie/data/kefu/midterm_data/cer_000369_020.wav	cer_000369_000	/home/work_nfs22/hkxie/data/kefu/midterm_data/cer_000369_000.wav	30	30	0	3	4.0	5.0
cer_000179	请问您是需要查询积分吗？	cer_000179_012	/home/work_nfs22/hkxie/data/kefu/midterm_data/cer_000179_012.wav	cer_000179_001	/home/work_nfs22/hkxie/data/kefu/midterm_data/cer_000179_001.wav	30	30	0	3	3.0	5.0
cer_001415	办理套餐。	cer_001415_003	/home/work_nfs22/hkxie/data/kefu/midterm_data/cer_001415_003.wav	cer_001415_028	/home/work_nfs22/hkxie/data/kefu/midterm_data/cer_001415_028.wav	30	30	0	2	1.0	4.3333
cer_000197	请问您需要查询积分吗？	cer_000197_015	/home/work_nfs22/hkxie/data/kefu/midterm_data/cer_000197_015.wav	cer_000197_013	/home/work_nfs22/hkxie/data/kefu/midterm_data/cer_000197_013.wav	30	30	0	2	4.0	5.0
cer_000892	好的。请问您是想更换本机号码的套餐。	cer_000892_029	/home/work_nfs22/hkxie/data/kefu/midterm_data/cer_000892_029.wav	cer_000892_021	/home/work_nfs22/hkxie/data/kefu/midterm_data/cer_000892_021.wav	30	30	0	3	3.3333	5.0
cer_001073	这个套餐的性价比其实很高。	cer_001073_013	/home/work_nfs22/hkxie/data/kefu/midterm_data/cer_001073_013.wav	cer_001073_009	/home/work_nfs22/hkxie/data/kefu/midterm_data/cer_001073_009.wav	30	30	0	3	4.0	5.0
cer_000883	还是查询当前的流量使用情况呢？	cer_000883_024	/home/work_nfs22/hkxie/data/kefu/midterm_data/cer_000883_024.wav	cer_000883_015	/home/work_nfs22/hkxie/data/kefu/midterm_data/cer_000883_015.wav	30	30	0	2	2.6667	5.0
cer_000350	请问您需要安装宽带的地址是哪里？	cer_000350_001	/home/work_nfs22/hkxie/data/kefu/midterm_data/cer_000350_001.wav	cer_000350_021	/home/work_nfs22/hkxie/data/kefu/midterm_data/cer_000350_021.wav	30	30	0	3	3.3333	4.6667
cer_001425	例如，两元一季、四小时。	cer_001425_024	/home/work_nfs22/hkxie/data/kefu/midterm_data/cer_001425_024.wav	cer_001425_016	/home/work_nfs22/hkxie/data/kefu/midterm_data/cer_001425_016.wav	30	30	0	2	1.6667	4.6667
cer_000191	如果降档到五十九元套餐。	cer_000191_004	/home/work_nfs22/hkxie/data/kefu/midterm_data/cer_000191_004.wav	cer_000191_023	/home/work_nfs22/hkxie/data/kefu/midterm_data/cer_000191_023.wav	30	30	0	3	3.0	5.0
cer_000531	国际漫游的数据流量资费是八元人民币每GB。	cer_000531_029	/home/work_nfs22/hkxie/data/kefu/midterm_data/cer_000531_029.wav	cer_000531_019	/home/work_nfs22/hkxie/data/kefu/midterm_data/cer_000531_019.wav	30	30	0	3	3.3333	5.0
cer_001235	以及一千五百分钟的国内通话。	cer_001235_021	/home/work_nfs22/hkxie/data/kefu/midterm_data/cer_001235_021.wav	cer_001235_025	/home/work_nfs22/hkxie/data/kefu/midterm_data/cer_001235_025.wav	30	30	0	2	1.0	4.0
cer_000702	请您打开手机里的运营商A P P。	cer_000702_028	/home/work_nfs22/hkxie/data/kefu/midterm_data/cer_000702_028.wav	cer_000702_022	/home/work_nfs22/hkxie/data/kefu/midterm_data/cer_000702_022.wav	30	30	0	2	1.0	4.6667
cer_001248	好的。那请您确认一下。	cer_001248_004	/home/work_nfs22/hkxie/data/kefu/midterm_data/cer_001248_004.wav	cer_001248_028	/home/work_nfs22/hkxie/data/kefu/midterm_data/cer_001248_028.wav	30	30	0	2	1.6667	4.6667
cer2_013_000015	好的，我先看看，有需要再说。	cer2_013_000015_001	/home/work_nfs22/hkxie/data/kefu/midterm_data/cer2_013_000015_001.wav	cer2_013_000015_028	/home/work_nfs22/hkxie/data/kefu/midterm_data/cer2_013_000015_028.wav	60	30	30	3	4.0	5.0
cer_000553	流量，或者是套餐情况？	cer_000553_012	/home/work_nfs22/hkxie/data/kefu/midterm_data/cer_000553_012.wav	cer_000553_029	/home/work_nfs22/hkxie/data/kefu/midterm_data/cer_000553_029.wav	30	30	0	2	1.0	4.3333
cer_000733	我将为您办理。	cer_000733_029	/home/work_nfs22/hkxie/data/kefu/midterm_data/cer_000733_029.wav	cer_000733_009	/home/work_nfs22/hkxie/data/kefu/midterm_data/cer_000733_009.wav	30	30	0	3	3.6667	5.0
cer_000364	其中本季度即将到期的积分为一百分。	cer_000364_024	/home/work_nfs22/hkxie/data/kefu/midterm_data/cer_000364_024.wav	cer_000364_015	/home/work_nfs22/hkxie/data/kefu/midterm_data/cer_000364_015.wav	30	30	0	3	3.0	5.0
cer_001247	请您先确认一下。	cer_001247_007	/home/work_nfs22/hkxie/data/kefu/midterm_data/cer_001247_007.wav	cer_001247_024	/home/work_nfs22/hkxie/data/kefu/midterm_data/cer_001247_024.wav	30	30	0	3	4.0	5.0
cer_001257	选择一元日包。	cer_001257_014	/home/work_nfs22/hkxie/data/kefu/midterm_data/cer_001257_014.wav	cer_001257_020	/home/work_nfs22/hkxie/data/kefu/midterm_data/cer_001257_020.wav	30	30	0	3	4.6667	5.0
cer_000905	套餐外语音费六元。	cer_000905_025	/home/work_nfs22/hkxie/data/kefu/midterm_data/cer_000905_025.wav	cer_000905_027	/home/work_nfs22/hkxie/data/kefu/midterm_data/cer_000905_027.wav	30	30	0	3	4.0	5.0
cer_001518	您三月的消费金额为一百一十一元。	cer_001518_018	/home/work_nfs22/hkxie/data/kefu/midterm_data/cer_001518_018.wav	cer_001518_024	/home/work_nfs22/hkxie/data/kefu/midterm_data/cer_001518_024.wav	30	30	0	3	4.0	5.0
cer_000021	其中通用流量用了十四季。	cer_000021_027	/home/work_nfs22/hkxie/data/kefu/midterm_data/cer_000021_027.wav	cer_000021_010	/home/work_nfs22/hkxie/data/kefu/midterm_data/cer_000021_010.wav	30	30	0	2	1.3333	4.3333
cer_000707	我们来处理您提到的I P T V问题。	cer_000707_024	/home/work_nfs22/hkxie/data/kefu/midterm_data/cer_000707_024.wav	cer_000707_009	/home/work_nfs22/hkxie/data/kefu/midterm_data/cer_000707_009.wav	30	30	0	3	3.0	5.0
cer2_002_000013	稍等我看下哈……嗯收到了，验证码是 739 421。	cer2_002_000013_001	/home/work_nfs22/hkxie/data/kefu/midterm_data/cer2_002_000013_001.wav	cer2_002_000013_014	/home/work_nfs22/hkxie/data/kefu/midterm_data/cer2_002_000013_014.wav	60	30	30	3	4.0	5.0
cer_001059	creating content.	cer_001059_015	/home/work_nfs22/hkxie/data/kefu/midterm_data/cer_001059_015.wav	cer_001059_002	/home/work_nfs22/hkxie/data/kefu/midterm_data/cer_001059_002.wav	30	30	0	2	1.3333	5.0
cer_001072	可以请您具体描述一下声音断续的情况吗？	cer_001072_009	/home/work_nfs22/hkxie/data/kefu/midterm_data/cer_001072_009.wav	cer_001072_019	/home/work_nfs22/hkxie/data/kefu/midterm_data/cer_001072_019.wav	30	30	0	2	2.0	5.0
cer_000720	好的。请问您计划前往的是亚洲。	cer_000720_014	/home/work_nfs22/hkxie/data/kefu/midterm_data/cer_000720_014.wav	cer_000720_029	/home/work_nfs22/hkxie/data/kefu/midterm_data/cer_000720_029.wav	30	30	0	3	2.3333	4.6667
cer_001411	郑先生，我目前无法为您办理九百九十九元的套餐。	cer_001411_025	/home/work_nfs22/hkxie/data/kefu/midterm_data/cer_001411_025.wav	cer_001411_014	/home/work_nfs22/hkxie/data/kefu/midterm_data/cer_001411_014.wav	30	30	0	3	3.0	5.0
cer_000886	如果降档到其他套餐。	cer_000886_024	/home/work_nfs22/hkxie/data/kefu/midterm_data/cer_000886_024.wav	cer_000886_002	/home/work_nfs22/hkxie/data/kefu/midterm_data/cer_000886_002.wav	30	30	0	3	2.6667	4.6667
cer_000534	我现在帮您办理一个短时流量包。	cer_000534_001	/home/work_nfs22/hkxie/data/kefu/midterm_data/cer_000534_001.wav	cer_000534_013	/home/work_nfs22/hkxie/data/kefu/midterm_data/cer_000534_013.wav	30	30	0	3	4.0	5.0
cer_000377	办理套餐变更。	cer_000377_027	/home/work_nfs22/hkxie/data/kefu/midterm_data/cer_000377_027.wav	cer_000377_022	/home/work_nfs22/hkxie/data/kefu/midterm_data/cer_000377_022.wav	30	30	0	3	3.3333	5.0
cer_001429	请问您是指手机无法连接移动数据网络。	cer_001429_021	/home/work_nfs22/hkxie/data/kefu/midterm_data/cer_001429_021.wav	cer_001429_022	/home/work_nfs22/hkxie/data/kefu/midterm_data/cer_001429_022.wav	30	30	0	3	1.6667	4.6667
cer_001424	例如拨打一二三四五或访问官网。	cer_001424_001	/home/work_nfs22/hkxie/data/kefu/midterm_data/cer_001424_001.wav	cer_001424_028	/home/work_nfs22/hkxie/data/kefu/midterm_data/cer_001424_028.wav	30	30	0	3	2.3333	5.0
cer2_013_000001	我现在正忙，不需要贷款，谢谢。	cer2_013_000001_007	/home/work_nfs22/hkxie/data/kefu/midterm_data/cer2_013_000001_007.wav	cer2_013_000001_024	/home/work_nfs22/hkxie/data/kefu/midterm_data/cer2_013_000001_024.wav	60	30	30	3	2.3333	5.0
cer_000196	李先生，很抱歉给您带来不便。	cer_000196_029	/home/work_nfs22/hkxie/data/kefu/midterm_data/cer_000196_029.wav	cer_000196_003	/home/work_nfs22/hkxie/data/kefu/midterm_data/cer_000196_003.wav	30	30	0	3	3.3333	5.0
cer_000367	请问您需要咨询哪方面的业务呢？	cer_000367_012	/home/work_nfs22/hkxie/data/kefu/midterm_data/cer_000367_012.wav	cer_000367_021	/home/work_nfs22/hkxie/data/kefu/midterm_data/cer_000367_021.wav	30	30	0	3	4.0	5.0
cer_000522	后台查询到您的网络状态是正常的。	cer_000522_014	/home/work_nfs22/hkxie/data/kefu/midterm_data/cer_000522_014.wav	cer_000522_018	/home/work_nfs22/hkxie/data/kefu/midterm_data/cer_000522_018.wav	30	30	0	3	2.6667	5.0
cer2_003_000013	本来就该全退，这是你们的问题。	cer2_003_000013_022	/home/work_nfs22/hkxie/data/kefu/midterm_data/cer2_003_000013_022.wav	cer2_003_000013_014	/home/work_nfs22/hkxie/data/kefu/midterm_data/cer2_003_000013_014.wav	60	30	30	2	2.0	5.0
cer_000539	连续三个月。	cer_000539_024	/home/work_nfs22/hkxie/data/kefu/midterm_data/cer_000539_024.wav	cer_000539_017	/home/work_nfs22/hkxie/data/kefu/midterm_data/cer_000539_017.wav	30	30	0	3	1.6667	4.6667
cer2_013_000014	没问题，稍后我会通过我行官方服务短信，为您发送具体的申请路径和操作指引。您可以直接点击短信里的官方链接，或者登录手机银行首页找到“信用贷款”板块。	cer2_013_000014_016	/home/work_nfs22/hkxie/data/kefu/midterm_data/cer2_013_000014_016.wav	cer2_013_000014_029	/home/work_nfs22/hkxie/data/kefu/midterm_data/cer2_013_000014_029.wav	60	30	30	3	3.3333	5.0
cer_000200	文化悠久。	cer_000200_007	/home/work_nfs22/hkxie/data/kefu/midterm_data/cer_000200_007.wav	cer_000200_020	/home/work_nfs22/hkxie/data/kefu/midterm_data/cer_000200_020.wav	30	30	0	3	4.0	5.0
cer_000891	您本月总共用了二十一季的数据流量。	cer_000891_005	/home/work_nfs22/hkxie/data/kefu/midterm_data/cer_000891_005.wav	cer_000891_012	/home/work_nfs22/hkxie/data/kefu/midterm_data/cer_000891_012.wav	30	30	0	3	3.6667	5.0
cer_000874	您好，我能够帮助您查询话费余额。	cer_000874_001	/home/work_nfs22/hkxie/data/kefu/midterm_data/cer_000874_001.wav	cer_000874_026	/home/work_nfs22/hkxie/data/kefu/midterm_data/cer_000874_026.wav	30	30	0	3	3.3333	5.0
cer_001433	给您带来不便敬请谅解。	cer_001433_005	/home/work_nfs22/hkxie/data/kefu/midterm_data/cer_001433_005.wav	cer_001433_027	/home/work_nfs22/hkxie/data/kefu/midterm_data/cer_001433_027.wav	30	30	0	2	1.3333	5.0
cer_000548	第二种是月包。	cer_000548_005	/home/work_nfs22/hkxie/data/kefu/midterm_data/cer_000548_005.wav	cer_000548_018	/home/work_nfs22/hkxie/data/kefu/midterm_data/cer_000548_018.wav	30	30	0	3	3.3333	5.0
cer_000033	请问您需要了解哪种类型的套餐？	cer_000033_018	/home/work_nfs22/hkxie/data/kefu/midterm_data/cer_000033_018.wav	cer_000033_029	/home/work_nfs22/hkxie/data/kefu/midterm_data/cer_000033_029.wav	30	30	0	3	4.0	5.0
cer_001256	还是历史月份的呢？	cer_001256_019	/home/work_nfs22/hkxie/data/kefu/midterm_data/cer_001256_019.wav	cer_001256_002	/home/work_nfs22/hkxie/data/kefu/midterm_data/cer_001256_002.wav	30	30	0	2	2.0	4.6667
cer_000710	好的。那请您再确认一下。	cer_000710_020	/home/work_nfs22/hkxie/data/kefu/midterm_data/cer_000710_020.wav	cer_000710_013	/home/work_nfs22/hkxie/data/kefu/midterm_data/cer_000710_013.wav	30	30	0	3	1.6667	4.6667
cer2_003_000018	好的，已经为您办理成功了。请问还有其他业务我可以帮到您的吗？	cer2_003_000018_024	/home/work_nfs22/hkxie/data/kefu/midterm_data/cer2_003_000018_024.wav	cer2_003_000018_001	/home/work_nfs22/hkxie/data/kefu/midterm_data/cer2_003_000018_001.wav	60	30	30	3	2.6667	4.6667
cer_001423	请问您需要查询手机号码的归属地信息吗？	cer_001423_007	/home/work_nfs22/hkxie/data/kefu/midterm_data/cer_001423_007.wav	cer_001423_012	/home/work_nfs22/hkxie/data/kefu/midterm_data/cer_001423_012.wav	30	30	0	3	3.0	4.6667
cer_001062	建议您办理一个流量包。	cer_001062_025	/home/work_nfs22/hkxie/data/kefu/midterm_data/cer_001062_025.wav	cer_001062_005	/home/work_nfs22/hkxie/data/kefu/midterm_data/cer_001062_005.wav	30	30	0	2	2.5	5.0
cer_001252	这个以幺五幺开头的号码归属地也是深圳。	cer_001252_011	/home/work_nfs22/hkxie/data/kefu/midterm_data/cer_001252_011.wav	cer_001252_022	/home/work_nfs22/hkxie/data/kefu/midterm_data/cer_001252_022.wav	30	30	0	2	1.3333	5.0
cer2_003_000001	你们移动怎么回事啊？我这个月话费莫名其妙多了50块钱，凭什么乱扣费啊？	cer2_003_000001_018	/home/work_nfs22/hkxie/data/kefu/midterm_data/cer2_003_000001_018.wav	cer2_003_000001_029	/home/work_nfs22/hkxie/data/kefu/midterm_data/cer2_003_000001_029.wav	60	30	30	2	2.0	5.0
cer2_025_000000	喂，你好。我那个……理赔款怎么还没到账啊？我都提交了快一个星期了，是那个肺癌的靶向药，叫什么……奥希替尼。你们这审核也太慢了吧，这药费可垫付不起啊！	cer2_025_000000_006	/home/work_nfs22/hkxie/data/kefu/midterm_data/cer2_025_000000_006.wav	cer2_025_000000_023	/home/work_nfs22/hkxie/data/kefu/midterm_data/cer2_025_000000_023.wav	60	30	30	3	2.3333	4.3333
cer_001414	请您核对后重新提供。	cer_001414_017	/home/work_nfs22/hkxie/data/kefu/midterm_data/cer_001414_017.wav	cer_001414_002	/home/work_nfs22/hkxie/data/kefu/midterm_data/cer_001414_002.wav	30	30	0	2	2.0	5.0
cer_000715	建议您先联系保险公司。	cer_000715_017	/home/work_nfs22/hkxie/data/kefu/midterm_data/cer_000715_017.wav	cer_000715_025	/home/work_nfs22/hkxie/data/kefu/midterm_data/cer_000715_025.wav	30	30	0	3	2.6667	5.0
cer_000363	请问您需要哪方面的帮助呢？	cer_000363_001	/home/work_nfs22/hkxie/data/kefu/midterm_data/cer_000363_001.wav	cer_000363_024	/home/work_nfs22/hkxie/data/kefu/midterm_data/cer_000363_024.wav	30	30	0	3	4.0	5.0
cer_000020	我为您核对一下。	cer_000020_026	/home/work_nfs22/hkxie/data/kefu/midterm_data/cer_000020_026.wav	cer_000020_001	/home/work_nfs22/hkxie/data/kefu/midterm_data/cer_000020_001.wav	30	30	0	3	3.6667	5.0
cer_000728	请您提供详细的安装地址。	cer_000728_019	/home/work_nfs22/hkxie/data/kefu/midterm_data/cer_000728_019.wav	cer_000728_013	/home/work_nfs22/hkxie/data/kefu/midterm_data/cer_000728_013.wav	30	30	0	2	1.6667	4.6667
cer_000199	请问您需要查询的是本月的流量使用情况。	cer_000199_029	/home/work_nfs22/hkxie/data/kefu/midterm_data/cer_000199_029.wav	cer_000199_028	/home/work_nfs22/hkxie/data/kefu/midterm_data/cer_000199_028.wav	30	30	0	3	4.0	5.0
cer_000190	套餐外语音费七元。	cer_000190_026	/home/work_nfs22/hkxie/data/kefu/midterm_data/cer_000190_026.wav	cer_000190_012	/home/work_nfs22/hkxie/data/kefu/midterm_data/cer_000190_012.wav	30	30	0	3	3.6667	5.0
cer2_013_000004	根据系统测算，您最高可以申请到30万的额度。年化利率目前针对优质客户有专属优惠，低至3.5%起。这个利率在目前的市场上是非常有竞争力的，而且是按天计息，随借随还。	cer2_013_000004_027	/home/work_nfs22/hkxie/data/kefu/midterm_data/cer2_013_000004_027.wav	cer2_013_000004_009	/home/work_nfs22/hkxie/data/kefu/midterm_data/cer2_013_000004_009.wav	60	30	30	3	3.0	5.0
cer_001067	请问您是想查询手机号码的归属地吗？	cer_001067_001	/home/work_nfs22/hkxie/data/kefu/midterm_data/cer_001067_001.wav	cer_001067_025	/home/work_nfs22/hkxie/data/kefu/midterm_data/cer_001067_025.wav	30	30	0	3	4.0	5.0
cer_000372	请问您是手机无法上网。	cer_000372_014	/home/work_nfs22/hkxie/data/kefu/midterm_data/cer_000372_014.wav	cer_000372_029	/home/work_nfs22/hkxie/data/kefu/midterm_data/cer_000372_029.wav	30	30	0	3	4.0	5.0
cer_000542	您可以随时通过中国电信的官方客服热线联系我们。	cer_000542_007	/home/work_nfs22/hkxie/data/kefu/midterm_data/cer_000542_007.wav	cer_000542_026	/home/work_nfs22/hkxie/data/kefu/midterm_data/cer_000542_026.wav	30	30	0	3	4.0	5.0
cer2_013_000009	30万是不是太少了？我最近正打算装修，可能不够。	cer2_013_000009_009	/home/work_nfs22/hkxie/data/kefu/midterm_data/cer2_013_000009_009.wav	cer2_013_000009_028	/home/work_nfs22/hkxie/data/kefu/midterm_data/cer2_013_000009_028.wav	60	30	30	2	2.0	5.0
cer_001246	您可能需要重新购买流量和通话包。	cer_001246_021	/home/work_nfs22/hkxie/data/kefu/midterm_data/cer_001246_021.wav	cer_001246_009	/home/work_nfs22/hkxie/data/kefu/midterm_data/cer_001246_009.wav	30	30	0	3	3.6667	5.0
cer_001255	李先生，彩礼的高低应根据您的经济能力和个人意愿来决定。	cer_001255_018	/home/work_nfs22/hkxie/data/kefu/midterm_data/cer_001255_018.wav	cer_001255_002	/home/work_nfs22/hkxie/data/kefu/midterm_data/cer_001255_002.wav	30	30	0	3	3.0	5.0
cer_000547	请问您方便提供身份证号码吗？	cer_000547_025	/home/work_nfs22/hkxie/data/kefu/midterm_data/cer_000547_025.wav	cer_000547_002	/home/work_nfs22/hkxie/data/kefu/midterm_data/cer_000547_002.wav	30	30	0	3	2.6667	4.6667
cer2_012_000009	听着还行，但我最近没时间去柜台办，挺麻烦的。	cer2_012_000009_025	/home/work_nfs22/hkxie/data/kefu/midterm_data/cer2_012_000009_025.wav	cer2_012_000009_012	/home/work_nfs22/hkxie/data/kefu/midterm_data/cer2_012_000009_012.wav	60	30	30	3	3.6667	5.0
cer_001076	然后把它打开。	cer_001076_001	/home/work_nfs22/hkxie/data/kefu/midterm_data/cer_001076_001.wav	cer_001076_019	/home/work_nfs22/hkxie/data/kefu/midterm_data/cer_001076_019.wav	30	30	0	3	4.0	5.0
cer_000375	我无法直接提供保险公司的电话。	cer_000375_024	/home/work_nfs22/hkxie/data/kefu/midterm_data/cer_000375_024.wav	cer_000375_009	/home/work_nfs22/hkxie/data/kefu/midterm_data/cer_000375_009.wav	30	30	0	3	4.0	5.0
cer_000530	抱歉，系统超时无法请求您的请求。	cer_000530_024	/home/work_nfs22/hkxie/data/kefu/midterm_data/cer_000530_024.wav	cer_000530_025	/home/work_nfs22/hkxie/data/kefu/midterm_data/cer_000530_025.wav	30	30	0	3	3.3333	5.0
cer_000366	红鲤鱼与绿鲤鱼与驴。	cer_000366_001	/home/work_nfs22/hkxie/data/kefu/midterm_data/cer_000366_001.wav	cer_000366_021	/home/work_nfs22/hkxie/data/kefu/midterm_data/cer_000366_021.wav	30	30	0	3	4.0	5.0
cer_001079	我们有专门的套餐调整服务。	cer_001079_028	/home/work_nfs22/hkxie/data/kefu/midterm_data/cer_001079_028.wav	cer_001079_011	/home/work_nfs22/hkxie/data/kefu/midterm_data/cer_001079_011.wav	30	30	0	3	3.3333	5.0
cer_000727	二十元二十季四十八小时有效。	cer_000727_026	/home/work_nfs22/hkxie/data/kefu/midterm_data/cer_000727_026.wav	cer_000727_002	/home/work_nfs22/hkxie/data/kefu/midterm_data/cer_000727_002.wav	30	30	0	2	1.0	4.3333
cer2_004_000005	升级是不是又要加钱？你们这种推销我听多了。	cer2_004_000005_001	/home/work_nfs22/hkxie/data/kefu/midterm_data/cer2_004_000005_001.wav	cer2_004_000005_022	/home/work_nfs22/hkxie/data/kefu/midterm_data/cer2_004_000005_022.wav	60	30	30	3	4.0	5.0
cer_000718	南美洲的漫游资费是七元人民币每GB。	cer_000718_024	/home/work_nfs22/hkxie/data/kefu/midterm_data/cer_000718_024.wav	cer_000718_012	/home/work_nfs22/hkxie/data/kefu/midterm_data/cer_000718_012.wav	30	30	0	3	3.6667	5.0
cer_000371	包含五十季通用流量。	cer_000371_019	/home/work_nfs22/hkxie/data/kefu/midterm_data/cer_000371_019.wav	cer_000371_011	/home/work_nfs22/hkxie/data/kefu/midterm_data/cer_000371_011.wav	30	30	0	2	2.0	5.0
cer_000723	好的，为您确认一下。	cer_000723_021	/home/work_nfs22/hkxie/data/kefu/midterm_data/cer_000723_021.wav	cer_000723_016	/home/work_nfs22/hkxie/data/kefu/midterm_data/cer_000723_016.wav	30	30	0	2	1.3333	4.3333
cer_001422	建议您通过中国电信官方A P P或前往营业厅办理。	cer_001422_010	/home/work_nfs22/hkxie/data/kefu/midterm_data/cer_001422_010.wav	cer_001422_028	/home/work_nfs22/hkxie/data/kefu/midterm_data/cer_001422_028.wav	30	30	0	3	3.0	5.0
cer2_013_000012	实在抱歉，可能由于您的信用评级最近有所提升，系统再次将您列入了白名单。为了不干扰您的生活，如果您暂时确实不需要，我可以在系统里帮您标注一下，近期就不再致电打扰了。	cer2_013_000012_029	/home/work_nfs22/hkxie/data/kefu/midterm_data/cer2_013_000012_029.wav	cer2_013_000012_018	/home/work_nfs22/hkxie/data/kefu/midterm_data/cer2_013_000012_018.wav	60	30	30	3	3.0	4.6667
cer2_003_000009	误触也要扣钱？你们这叫陷阱！我根本没用过这个业务，你们必须给我退了。	cer2_003_000009_013	/home/work_nfs22/hkxie/data/kefu/midterm_data/cer2_003_000009_013.wav	cer2_003_000009_002	/home/work_nfs22/hkxie/data/kefu/midterm_data/cer2_003_000009_002.wav	60	30	30	2	3.0	5.0
cer_000354	请问您需要为哪个号码办理降档呢？	cer_000354_026	/home/work_nfs22/hkxie/data/kefu/midterm_data/cer_000354_026.wav	cer_000354_024	/home/work_nfs22/hkxie/data/kefu/midterm_data/cer_000354_024.wav	30	30	0	3	4.0	5.0
cer_001410	李先生，感谢您的指正。	cer_001410_026	/home/work_nfs22/hkxie/data/kefu/midterm_data/cer_001410_026.wav	cer_001410_001	/home/work_nfs22/hkxie/data/kefu/midterm_data/cer_001410_001.wav	30	30	0	2	1.6667	5.0
cer_001254	您四月的套餐外流量费用为八元。	cer_001254_024	/home/work_nfs22/hkxie/data/kefu/midterm_data/cer_001254_024.wav	cer_001254_011	/home/work_nfs22/hkxie/data/kefu/midterm_data/cer_001254_011.wav	30	30	0	2	2.0	5.0
cer_001058	张先生，关于充值未到账的退款问题。	cer_001058_012	/home/work_nfs22/hkxie/data/kefu/midterm_data/cer_001058_012.wav	cer_001058_017	/home/work_nfs22/hkxie/data/kefu/midterm_data/cer_001058_017.wav	30	30	0	3	4.0	5.0
cer2_004_000008	区别是非常明显的。升级后，下载一部2GB的电影只需要十几秒，全家人同时上网也不会互相抢网速。而且我们会为您同步更换最新的WiFi 6专业路由器。	cer2_004_000008_024	/home/work_nfs22/hkxie/data/kefu/midterm_data/cer2_004_000008_024.wav	cer2_004_000008_013	/home/work_nfs22/hkxie/data/kefu/midterm_data/cer2_004_000008_013.wav	60	30	30	3	4.0	5.0
cer2_004_000016	我们会有专业的测速报告。工程师安装好之后，会当面带您使用官方测速插件进行实地测速，确保入户速率达到标准才会请您签字确认。如果因为线路老化达不到，我们会免费为您重新布线。	cer2_004_000016_017	/home/work_nfs22/hkxie/data/kefu/midterm_data/cer2_004_000016_017.wav	cer2_004_000016_028	/home/work_nfs22/hkxie/data/kefu/midterm_data/cer2_004_000016_028.wav	60	30	30	3	3.0	5.0
cer_000538	看看现在是否能正常使用了？	cer_000538_001	/home/work_nfs22/hkxie/data/kefu/midterm_data/cer_000538_001.wav	cer_000538_012	/home/work_nfs22/hkxie/data/kefu/midterm_data/cer_000538_012.wav	30	30	0	3	4.0	5.0
cer_000890	杨先生，您七月的套餐包含三十季通用流量和五十季定向流量。	cer_000890_013	/home/work_nfs22/hkxie/data/kefu/midterm_data/cer_000890_013.wav	cer_000890_018	/home/work_nfs22/hkxie/data/kefu/midterm_data/cer_000890_018.wav	30	30	0	3	3.6667	5.0
cer_001430	李先生，我理解您的顾虑。	cer_001430_012	/home/work_nfs22/hkxie/data/kefu/midterm_data/cer_001430_012.wav	cer_001430_027	/home/work_nfs22/hkxie/data/kefu/midterm_data/cer_001430_027.wav	30	30	0	2	2.3333	5.0
cer_000030	查询账单等。	cer_000030_001	/home/work_nfs22/hkxie/data/kefu/midterm_data/cer_000030_001.wav	cer_000030_003	/home/work_nfs22/hkxie/data/kefu/midterm_data/cer_000030_003.wav	30	30	0	3	4.0	5.0
cer_000546	登录您的账号。	cer_000546_028	/home/work_nfs22/hkxie/data/kefu/midterm_data/cer_000546_028.wav	cer_000546_010	/home/work_nfs22/hkxie/data/kefu/midterm_data/cer_000546_010.wav	30	30	0	3	4.0	5.0
cer_000898	请问您是想确认工单信息是否已经更新。	cer_000898_014	/home/work_nfs22/hkxie/data/kefu/midterm_data/cer_000898_014.wav	cer_000898_021	/home/work_nfs22/hkxie/data/kefu/midterm_data/cer_000898_021.wav	30	30	0	3	3.3333	5.0
cer_001250	为了更准确地判断问题。	cer_001250_022	/home/work_nfs22/hkxie/data/kefu/midterm_data/cer_001250_022.wav	cer_001250_017	/home/work_nfs22/hkxie/data/kefu/midterm_data/cer_001250_017.wav	30	30	0	2	2.3333	4.3333
cer_001458	比如，五季的月包是二十元。	cer_001458_001	/home/work_nfs22/hkxie/data/kefu/midterm_data/cer_001458_001.wav	cer_001458_027	/home/work_nfs22/hkxie/data/kefu/midterm_data/cer_001458_027.wav	30	30	0	3	4.0	5.0
cer_000722	还是其他号码的套餐？	cer_000722_001	/home/work_nfs22/hkxie/data/kefu/midterm_data/cer_000722_001.wav	cer_000722_024	/home/work_nfs22/hkxie/data/kefu/midterm_data/cer_000722_024.wav	30	30	0	3	3.3333	5.0
cer_000026	请问您需要哪方面的帮助？	cer_000026_002	/home/work_nfs22/hkxie/data/kefu/midterm_data/cer_000026_002.wav	cer_000026_011	/home/work_nfs22/hkxie/data/kefu/midterm_data/cer_000026_011.wav	30	30	0	3	3.3333	5.0
